Date,AAPL,GOOG,MSFT,NVDA
2020-01-02,72.27153778076172,67.72701263427734,151.54425048828125,5.9571380615234375
2020-01-03,71.56892395019531,67.39466094970703,149.65725708007812,5.861787796020508
2020-01-06,72.13920593261719,69.05642700195312,150.04409790039062,5.886369705200195
2020-01-07,71.79991149902344,69.0133285522461,148.67605590820312,5.957634925842285
2020-01-08,72.95492553710938,69.55718231201172,151.0442352294922,5.968809604644775
2020-01-09,74.50452423095703,70.32540130615234,152.93121337890625,6.034360885620117
2020-01-10,74.6729736328125,70.81576538085938,152.22360229492188,6.066640853881836
2020-01-13,76.268310546875,71.28630065917969,154.05393981933594,6.2568440437316895
2020-01-14,75.23843383789062,70.87271881103516,152.96896362304688,6.140141010284424
2020-01-15,74.916015625,71.2848129272461,153.9595947265625,6.097679615020752
2020-01-16,75.85443878173828,71.90396881103516,156.78065490722656,6.1811113357543945
2020-01-17,76.6942138671875,73.32498931884766,157.65814208984375,6.189800262451172
2020-01-21,76.17449951171875,73.52360534667969,157.09201049804688,6.156527519226074
2020-01-22,76.44636535644531,73.60038757324219,156.33724975585938,6.210409641265869
2020-01-23,76.81453704833984,73.63504791259766,157.29957580566406,6.278696537017822
2020-01-24,76.59315490722656,72.64741516113281,155.71450805664062,6.219598770141602
2020-01-27,74.34092712402344,71.02230072021484,153.11045837402344,5.964338779449463
2020-01-28,76.4439697265625,71.94654846191406,156.1107940673828,6.157272815704346
2020-01-29,78.04410552978516,72.24720001220703,158.54501342773438,6.096935272216797
2020-01-30,77.93101501464844,72.1090087890625,163.01719665527344,6.103639125823975
2020-01-31,74.47566223144531,71.03865051269531,160.61126708984375,5.870726108551025
2020-02-03,74.27114868164062,73.59989929199219,164.52676391601562,5.967566967010498
2020-02-04,76.72309112548828,71.67462921142578,169.9424285888672,6.136415004730225
2020-02-05,77.34870910644531,71.7320785522461,169.73483276367188,6.226551532745361
2020-02-06,78.25346374511719,73.11894226074219,173.25408935546875,6.313210964202881
2020-02-07,77.18981170654297,73.26752471923828,173.49940490722656,6.247159957885742
2020-02-10,77.55641174316406,74.72622680664062,178.03759765625,6.529734134674072
2020-02-11,77.08845520019531,74.73165130615234,174.018310546875,6.6519012451171875
2020-02-12,78.91918182373047,75.20121765136719,174.27308654785156,6.767364978790283
2020-02-13,78.35718536376953,75.02239990234375,173.32960510253906,6.723662376403809
2020-02-14,78.37648010253906,75.32356262207031,174.87689208984375,7.195694923400879
2020-02-18,76.94135284423828,75.27054595947266,176.65069580078125,7.364046096801758
2020-02-19,78.05567169189453,75.61827087402344,177.1804962158203,7.814227104187012
2020-02-20,77.25492858886719,75.19527435302734,174.4747314453125,7.665243625640869
2020-02-21,75.50623321533203,73.55878448486328,168.95912170410156,7.301969528198242
2020-02-24,71.91967010498047,70.41256713867188,161.67437744140625,6.78573751449585
2020-02-25,69.48358154296875,68.77112579345703,159.0064239501953,6.506889820098877
2020-02-26,70.58585357666016,69.0053939819336,160.9931640625,6.645940780639648
2020-02-27,65.97177124023438,65.28612518310547,149.64971923828125,6.275991439819336
2020-02-28,65.9332046508789,66.33817291259766,153.27325439453125,6.710042476654053
2020-03-02,72.07161712646484,68.8038101196289,163.47189331054688,6.868061542510986
2020-03-03,69.78268432617188,66.4402084350586,155.63841247558594,6.606189250946045
2020-03-04,73.01951599121094,68.6755142211914,161.3526611328125,7.068813800811768
2020-03-05,70.6509780883789,65.33319091796875,157.3035125732422,6.790045738220215
2020-03-06,69.71273040771484,64.31137084960938,152.85694885253906,6.609916687011719
2020-03-09,64.1989974975586,60.20773696899414,142.4974822998047,6.098097801208496
2020-03-10,68.82271575927734,63.418819427490234,152.2420654296875,6.4866814613342285
2020-03-11,66.4324722290039,60.2003059387207,145.34518432617188,6.123688697814941
2020-03-12,59.871952056884766,55.22244644165039,131.56089782714844,5.374345779418945
2020-03-13,67.04510498046875,60.414276123046875,150.2647705078125,5.9838080406188965
2020-03-16,58.41996765136719,53.70779800415039,128.1171417236328,4.879669666290283
2020-03-17,60.98869323730469,55.464656829833984,138.66590881347656,5.398198127746582
2020-03-18,59.49569320678711,54.3254508972168,132.82858276367188,5.039177894592285
2020-03-19,59.039825439453125,55.241268157958984,135.01405334472656,5.291359901428223
2020-03-20,55.29165267944336,53.11293411254883,129.94308471679688,5.11197566986084
2020-03-23,54.11703109741211,52.335296630859375,128.64694213867188,5.284404277801514
2020-03-24,59.54635238647461,56.19078063964844,140.34042358398438,6.1910200119018555
2020-03-25,59.218318939208984,54.60727310180664,138.99700927734375,6.10256814956665
2020-03-26,62.33456039428711,57.54247283935547,147.69140625,6.3912739753723145
2020-03-27,59.75376510620117,55.0144157409668,141.62709045410156,6.27922248840332
2020-03-30,61.45903015136719,56.802978515625,151.58921813964844,6.598735332489014
2020-03-31,61.33359146118164,57.5949821472168,149.20509338378906,6.549293041229248
2020-04-01,58.10639953613281,54.76231384277344,143.9071044921875,6.039212703704834
2020-04-02,59.076011657714844,55.516170501708984,146.88722229003906,6.347299098968506
2020-04-03,58.22700500488281,54.378936767578125,145.53436279296875,6.06008243560791
2020-04-06,63.30659866333008,58.78916549682617,156.35745239257812,6.668551445007324
2020-04-07,62.57333755493164,58.768863677978516,154.67344665527344,6.435748100280762
2020-04-08,64.17488861083984,59.94620895385742,156.22496032714844,6.632525444030762
2020-04-09,64.63797760009766,60.004154205322266,156.23446655273438,6.533142566680908
2020-04-13,65.90666961669922,60.306793212890625,156.58447265625,6.70457649230957
2020-04-14,69.23516082763672,62.86605453491211,164.3328399658203,7.054900169372559
2020-04-15,68.60321044921875,62.53123474121094,162.61097717285156,6.9776291847229
2020-04-16,69.14832305908203,62.58076095581055,167.49267578125,7.321988582611084
2020-04-17,68.2101058959961,63.56047821044922,168.9685516357422,7.262857437133789
2020-04-20,66.79425048828125,62.73628234863281,165.61949157714844,7.131921768188477
2020-04-21,64.7296371459961,60.24637985229492,158.7698974609375,6.69612979888916
2020-04-22,66.59406280517578,62.567874908447266,164.16250610351562,7.109560012817383
2020-04-23,66.33599853515625,63.21673583984375,162.17575073242188,7.05639123916626
2020-04-24,68.2510986328125,63.36532211303711,165.13699340820312,7.195028781890869
2020-04-27,68.2993392944336,63.195430755615234,164.66397094726562,7.381123065948486
2020-04-28,67.19221496582031,61.104736328125,160.65261840820312,7.239006042480469
2020-04-29,69.39916229248047,66.44466400146484,167.86170959472656,7.415409088134766
2020-04-30,70.86324310302734,66.80027770996094,169.54571533203125,7.2618632316589355
2020-05-01,69.72236633300781,65.41095733642578,165.15594482421875,7.025831699371338
2020-05-04,70.7088623046875,65.71753692626953,169.19566345214844,7.237266540527344
2020-05-05,71.77011108398438,66.92163848876953,171.0120849609375,7.298140048980713
2020-05-06,72.51061248779297,66.73291778564453,172.69606018066406,7.398761749267578
2020-05-07,73.2607192993164,67.98407745361328,173.69894409179688,7.574668884277344
2020-05-08,75.00443267822266,68.76716613769531,174.72073364257812,7.764240741729736
2020-05-11,76.18465423583984,69.50467681884766,176.66958618164062,8.015680313110352
2020-05-12,75.31401824951172,68.1415786743164,172.66773986816406,7.754302024841309
2020-05-13,74.40465545654297,66.83346557617188,170.05653381347656,7.731940746307373
2020-05-14,74.86176300048828,67.17029571533203,170.79449462890625,7.980895042419434
2020-05-15,74.4191665649414,68.0152816772461,173.28268432617188,8.43830394744873
2020-05-18,76.17256927490234,68.5477294921875,174.93833923339844,8.696195602416992
2020-05-19,75.73241424560547,68.02989196777344,173.72731018066406,8.751107215881348
2020-05-20,77.20526123046875,69.6760482788086,176.1370086669922,8.914590835571289
2020-05-21,76.62967681884766,69.48188781738281,174.0214080810547,8.72104549407959
2020-05-22,77.12305450439453,69.85932159423828,174.0973358154297,8.970494270324707
2020-05-26,76.60063934326172,70.18621063232422,172.25682067871094,8.663899421691895
2020-05-27,76.93437194824219,70.22683715820312,172.48451232910156,8.472587585449219
2020-05-28,76.96824645996094,70.171875,172.0955352783203,8.434575080871582
2020-05-29,76.89326477050781,70.77562713623047,173.8506622314453,8.820674896240234
2020-06-01,77.83891296386719,70.9192886352539,173.4521942138672,8.751852989196777
2020-06-02,78.19927215576172,71.28580474853516,175.4254913330078,8.770731925964355
2020-06-03,78.62975311279297,71.14513397216797,175.85244750976562,8.71532917022705
2020-06-04,77.95257568359375,69.94647979736328,173.53758239746094,8.71632194519043
2020-06-05,80.17273712158203,71.24469757080078,177.5980224609375,8.86894702911377
2020-06-08,80.64675903320312,71.65184020996094,178.6985626220703,8.754602432250977
2020-06-09,83.19342041015625,72.12487030029297,180.064697265625,8.99422550201416
2020-06-10,85.33379364013672,72.60482025146484,186.7436065673828,9.31313705444336
2020-06-11,81.23688507080078,69.53340911865234,176.7157745361328,8.745902061462402
2020-06-12,81.93824768066406,69.99602508544922,178.11038208007812,8.88137435913086
2020-06-15,82.95155334472656,70.32638549804688,179.24880981445312,9.12124252319336
2020-06-16,85.14997863769531,71.45917510986328,183.64132690429688,9.016596794128418
2020-06-17,85.03147888183594,71.8752212524414,184.27694702148438,9.183137893676758
2020-06-18,85.06533813476562,71.12432861328125,186.25030517578125,9.165239334106445
2020-06-19,84.57920837402344,70.91432189941406,185.14027404785156,9.20824146270752
2020-06-22,86.7921371459961,71.91188049316406,190.2823028564453,9.472223281860352
2020-06-23,88.6446762084961,72.5334701538086,191.55355834960938,9.395910263061523
2020-06-24,87.07994079589844,70.92671203613281,187.69232177734375,9.182639122009277
2020-06-25,88.23596954345703,71.39031219482422,190.06407165527344,9.435683250427246
2020-06-26,85.52483367919922,67.3570327758789,186.25975036621094,9.10260009765625
2020-06-29,87.49590301513672,69.09406280517578,188.26150512695312,9.147344589233398
2020-06-30,88.2262954711914,70.01731872558594,193.07147216796875,9.443387985229492
2020-07-01,88.05941009521484,71.22734832763672,194.20045471191406,9.475451469421387
2020-07-02,88.05941009521484,72.54785919189453,195.680419921875,9.557234764099121
2020-07-06,90.41503143310547,74.08331298828125,199.89268493652344,9.782937049865723
2020-07-07,90.13446807861328,73.5622329711914,197.56834411621094,9.81524658203125
2020-07-08,92.23372650146484,74.09817504882812,201.9134521484375,10.157527923583984
2020-07-09,92.63034057617188,74.84064483642578,203.3270263671875,10.44884967803955
2020-07-10,92.79238891601562,76.36370086669922,202.71034240722656,10.419271469116211
2020-07-13,92.36431884765625,74.85796356201172,196.44891357421875,9.994714736938477
2020-07-14,93.89279174804688,75.31562805175781,197.66319274902344,10.317606925964355
2020-07-15,94.53853607177734,74.97189331054688,197.36907958984375,10.16871452331543
2020-07-16,93.37525177001953,75.1878433227539,193.46043395996094,10.076743125915527
2020-07-17,93.1866226196289,75.06649780273438,192.4738006591797,10.143111228942871
2020-07-20,95.15039825439453,77.55145263671875,200.74656677246094,10.450591087341309
2020-07-21,93.83716583251953,77.18988037109375,198.04269409179688,10.26938247680664
2020-07-22,94.10079193115234,77.68866729736328,200.8888397216797,10.379000663757324
2020-07-23,89.81767272949219,75.07292938232422,192.15122985839844,10.071772575378418
2020-07-24,89.59516906738281,74.88421630859375,190.97488403320312,10.136151313781738
2020-07-27,91.71858978271484,75.79212188720703,193.39407348632812,10.36185073852539
2020-07-28,90.21186828613281,74.3131332397461,191.65785217285156,10.15703010559082
2020-07-29,91.94108581542969,75.386962890625,193.59326171875,10.405598640441895
2020-07-30,93.0535888671875,75.85403442382812,193.44143676757812,10.55324935913086
2020-07-31,102.7952651977539,73.45228576660156,194.49453735351562,10.553994178771973
2020-08-03,105.38544464111328,73.03076934814453,205.43313598632812,10.947229385375977
2020-08-04,106.0892105102539,72.56121826171875,202.34982299804688,11.163488388061523
2020-08-05,106.47376251220703,72.98917388916016,202.01780700683594,11.222148895263672
2020-08-06,110.18853759765625,74.30123138427734,205.2528839111328,11.270620346069336
2020-08-07,107.68333435058594,74.02338409423828,201.58139038085938,11.135398864746094
2020-08-10,109.24848937988281,74.10311126708984,197.56834411621094,11.101097106933594
2020-08-11,105.99945068359375,73.32151794433594,192.94813537597656,10.787897109985352
2020-08-12,109.52227020263672,74.62419128417969,198.46014404296875,11.374772071838379
2020-08-13,111.46053314208984,75.21013641357422,197.99526977539062,11.377504348754883
2020-08-14,111.36121368408203,74.67916107177734,198.1849822998047,11.497814178466797
2020-08-17,111.07047271728516,75.18685913085938,199.49424743652344,12.266387939453125
2020-08-18,111.99598693847656,77.19879913330078,200.6421356201172,12.190573692321777
2020-08-19,112.1364974975586,76.65049743652344,199.4248809814453,12.069023132324219
2020-08-20,114.6247787475586,78.34545135498047,204.0657501220703,12.071511268615723
2020-08-21,120.53166961669922,78.27955627441406,202.58221435546875,12.610905647277832
2020-08-24,121.9732666015625,78.66490936279297,203.21937561035156,12.647443771362305
2020-08-25,120.9726333618164,79.65652465820312,205.86312866210938,12.677024841308594
2020-08-26,122.61772918701172,81.84380340576172,210.31382751464844,12.699891090393066
2020-08-27,121.15192413330078,80.94976043701172,215.47776794433594,12.555968284606934
2020-08-28,120.95565795898438,81.44904327392578,217.69363403320312,13.072497367858887
2020-08-31,125.05753326416016,80.94234466552734,214.47923278808594,13.297951698303223
2020-09-01,130.0388946533203,82.25640106201172,216.13401794433594,13.746004104614258
2020-09-02,127.34469604492188,85.60319519042969,220.2993621826172,14.268654823303223
2020-09-03,117.14938354492188,81.32176208496094,206.6524658203125,12.944875717163086
2020-09-04,117.22692108154297,78.80558013916016,203.75193786621094,12.554010391235352
2020-09-08,109.33814239501953,75.90059661865234,192.72982788085938,11.848358154296875
2020-09-09,113.69925689697266,77.1175765991211,200.93699645996094,12.64600658416748
2020-09-10,109.98744201660156,75.88227081298828,195.30702209472656,12.24494457244873
2020-09-11,108.54344177246094,75.32257080078125,194.03268432617188,12.098496437072754
2020-09-14,111.79972839355469,75.25123596191406,195.34510803222656,12.802404403686523
2020-09-15,111.97418212890625,76.3488540649414,198.54998779296875,12.920510292053223
2020-09-16,108.66942596435547,75.33149719238281,195.00271606445312,12.4465913772583
2020-09-17,106.93466186523438,74.07488250732422,192.9675750732422,12.395872116088867
2020-09-18,103.54266357421875,72.31455993652344,190.57102966308594,12.123106002807617
2020-09-21,106.68270111083984,70.88658142089844,192.61575317382812,12.44932746887207
2020-09-22,108.35930633544922,72.58550262451172,197.256591796875,12.56917667388916
2020-09-23,103.81404113769531,70.09656524658203,190.7612762451172,12.057964324951172
2020-09-24,104.88008880615234,70.74443817138672,193.23387145996094,12.280998229980469
2020-09-25,108.81480407714844,71.57011413574219,197.6370391845703,12.80389404296875
2020-09-28,111.41209411621094,72.53893280029297,199.17764282226562,12.964272499084473
2020-09-29,110.56892395019531,72.77717590332031,197.10443115234375,13.153984069824219
2020-09-30,112.2358627319336,72.79055786132812,200.02401733398438,13.457082748413086
2020-10-01,113.18559265136719,73.80545043945312,202.04969787597656,13.540627479553223
2020-10-02,109.53193664550781,72.23680114746094,196.0868682861328,12.991372108459473
2020-10-05,112.90455627441406,73.60385131835938,200.07154846191406,13.568473815917969
2020-10-06,109.66764068603516,71.9901351928711,195.82058715820312,13.661961555480957
2020-10-07,111.52838897705078,72.32942962646484,199.5485382080078,13.888230323791504
2020-10-08,111.4217758178711,73.59941101074219,200.26174926757812,13.763657569885254
2020-10-09,113.36005401611328,75.05015563964844,205.2354736328125,13.68807315826416
2020-10-12,120.56077575683594,77.72135162353516,210.55160522460938,14.148804664611816
2020-10-13,117.36260223388672,77.8466567993164,211.94003295898438,14.170936584472656
2020-10-14,117.4498062133789,77.6683578491211,210.03805541992188,14.018767356872559
2020-10-15,116.98461151123047,77.22503662109375,208.89686584472656,13.894198417663574
2020-10-16,115.34677124023438,77.91253662109375,208.89686584472656,13.736556053161621
2020-10-19,112.40060424804688,76.01055908203125,203.72340393066406,13.42451000213623
2020-10-20,113.88338470458984,77.0665512084961,204.13233947753906,13.571455001831055
2020-10-21,113.26312255859375,78.91802215576172,204.2749786376953,13.451366424560547
2020-10-22,112.17769622802734,80.0086898803711,204.36058044433594,13.288500785827637
2020-10-23,111.4896240234375,81.28014373779297,205.6349334716797,13.51650619506836
2020-10-26,111.49930572509766,78.77635192871094,199.78628540039062,13.069944381713867
2020-10-27,113.00146484375,79.46037292480469,202.8009033203125,13.324055671691895
2020-10-28,107.76812744140625,75.11949157714844,192.7488555908203,12.55848503112793
2020-10-29,111.76095581054688,77.62673950195312,194.6888885498047,12.95333194732666
2020-10-30,105.50035858154297,80.2900161743164,192.54916381835938,12.465989112854004
2020-11-02,105.41311645507812,80.53865814208984,192.41600036621094,12.51248550415039
2020-11-03,107.03158569335938,81.73632049560547,196.31509399414062,12.948854446411133
2020-11-04,111.40238952636719,86.63591003417969,205.78709411621094,13.719401359558105
2020-11-05,115.3564682006836,87.34123992919922,212.34898376464844,14.083166122436523
2020-11-06,115.22541046142578,87.26099395751953,212.7579345703125,14.48298454284668
2020-11-09,112.9245834350586,87.3228988647461,207.6890869140625,13.55678939819336
2020-11-10,112.58483123779297,86.20301818847656,200.67071533203125,12.700706481933594
2020-11-11,116.00206756591797,86.813232421875,205.93927001953125,13.345191955566406
2020-11-12,115.730224609375,86.67107391357422,204.8836212158203,13.383731842041016
2020-11-13,115.77877044677734,88.01732635498047,205.90113830566406,13.224845886230469
2020-11-16,116.78843688964844,88.23328399658203,206.5858917236328,13.441913604736328
2020-11-17,115.90499114990234,87.67704772949219,203.95164489746094,13.349416732788086
2020-11-18,114.58467864990234,86.51951599121094,201.26283264160156,13.355883598327637
2020-11-19,115.17688751220703,87.36848449707031,202.5404815673828,13.36732292175293
2020-11-20,113.91483306884766,86.29216766357422,200.60491943359375,13.01673412322998
2020-11-23,110.5267105102539,85.9291000366211,200.3379364013672,13.06870174407959
2020-11-24,111.80817413330078,87.61414337158203,203.9134979248047,12.887441635131836
2020-11-25,112.64305877685547,87.7404556274414,203.9230499267578,13.162936210632324
2020-11-27,113.18669891357422,88.81825256347656,205.2198028564453,13.189292907714844
2020-11-30,115.57489776611328,87.21096801757812,204.11370849609375,13.32878303527832
2020-12-01,119.1377944946289,89.06143188476562,206.1542510986328,13.317344665527344
2020-12-02,119.48727416992188,90.53994750976562,205.3533172607422,13.471004486083984
2020-12-03,119.35136413574219,90.48149871826172,204.27584838867188,13.32724666595459
2020-12-04,118.68148803710938,90.54191589355469,204.3902587890625,13.488665580749512
2020-12-07,120.13771057128906,90.12040710449219,204.32351684570312,13.536916732788086
2020-12-08,120.74932861328125,90.0743408203125,205.96353149414062,13.28148365020752
2020-12-09,118.2252197265625,88.36949920654297,201.94927978515625,12.864384651184082
2020-12-10,119.64261627197266,87.93362426757812,200.72885131835938,12.905671119689941
2020-12-11,118.83684539794922,88.25260925292969,203.34140014648438,12.946460723876953
2020-12-14,118.2252197265625,87.17729187011719,204.23770141601562,13.240448951721191
2020-12-15,124.14714813232422,87.55916595458984,204.1709747314453,13.291927337646484
2020-12-16,124.07917785644531,87.3228988647461,209.0814208984375,13.17453670501709
2020-12-17,124.9432373046875,86.57498168945312,209.2149200439453,13.272778511047363
2020-12-18,122.9627685546875,85.73843383789062,208.42352294921875,13.20388412475586
2020-12-21,124.48692321777344,86.1524887084961,212.2375030517578,13.263823509216309
2020-12-22,128.03042602539062,85.36643981933594,213.5247039794922,13.210101127624512
2020-12-23,127.13726043701172,85.80628204345703,210.74050903320312,12.942482948303223
2020-12-24,128.1177978515625,86.1267318725586,212.3900604248047,12.927062034606934
2020-12-28,132.70001220703125,87.97126770019531,214.49725341796875,12.833794593811035
2020-12-29,130.93313598632812,87.11091613769531,213.7249298095703,12.876819610595703
2020-12-30,129.81668090820312,86.1599349975586,211.3698272705078,13.078282356262207
2020-12-31,128.81675720214844,86.77213287353516,212.0753631591797,12.987997055053711
2021-01-04,125.63251495361328,85.60121154785156,207.56533813476562,13.046197891235352
2021-01-05,127.18575286865234,86.22926330566406,207.76560974121094,13.335952758789062
2021-01-06,122.90453338623047,85.9504165649414,202.37840270996094,12.549758911132812
2021-01-07,127.09845733642578,88.5240249633789,208.13746643066406,13.275514602661133
2021-01-08,128.19546508789062,89.51265716552734,209.40560913085938,13.208609580993652
2021-01-11,125.21504974365234,87.50716400146484,207.37466430664062,13.551589965820312
2021-01-12,125.04029083251953,86.50811004638672,204.93373107910156,13.415542602539062
2021-01-13,127.06926727294922,86.89694213867188,206.27813720703125,13.462302207946777
2021-01-14,125.14710235595703,86.19261932373047,203.11257934570312,13.132502555847168
2021-01-15,123.42877197265625,85.99497985839844,202.75979614257812,12.793497085571289
2021-01-19,124.0986099243164,88.70283508300781,206.37355041503906,12.95839786529541
2021-01-20,128.17601013183594,93.45979309082031,213.90609741210938,13.297154426574707
2021-01-21,132.87474060058594,93.67525482177734,214.50677490234375,13.796326637268066
2021-01-22,135.01048278808594,94.16063690185547,215.44119262695312,13.642122268676758
2021-01-25,138.7481231689453,94.07891845703125,218.854736328125,13.58317756652832
2021-01-26,138.9811553955078,94.96255493164062,221.52447509765625,13.366296768188477
2021-01-27,137.9132537841797,90.68060302734375,222.0679168701172,12.85145378112793
2021-01-28,133.0883331298828,92.28144073486328,227.8175048828125,12.984017372131348
2021-01-29,128.10804748535156,90.92578887939453,221.1716766357422,12.923080444335938
2021-02-01,130.2244110107422,94.17550659179688,228.50399780273438,13.16906452178955
2021-02-02,131.04962158203125,95.47123718261719,228.3705291748047,13.48717212677002
2021-02-03,130.03024291992188,102.5323486328125,231.69822692871094,13.461057662963867
2021-02-04,133.37954711914062,102.15096282958984,230.7542724609375,13.594118118286133
2021-02-05,132.96629333496094,103.91574096679688,230.93545532226562,13.521247863769531
2021-02-08,133.1121826171875,103.66363525390625,231.19287109375,14.36464786529541
2021-02-09,132.2371368408203,103.19804382324219,232.43240356445312,14.190045356750488
2021-02-10,131.63436889648438,103.78598022460938,231.52659606933594,14.688474655151367
2021-02-11,131.3815460205078,103.81124114990234,233.11895751953125,15.172477722167969
2021-02-12,131.6149139404297,104.2183837890625,233.59567260742188,14.884464263916016
2021-02-16,129.49537658691406,105.09954833984375,232.3656768798828,15.251570701599121
2021-02-17,127.21054077148438,105.41702270507812,233.37869262695312,14.829497337341309
2021-02-18,126.1119155883789,104.86672973632812,232.9868927001953,14.752894401550293
2021-02-19,126.2674789428711,104.0712890625,230.2918243408203,14.849892616271973
2021-02-22,122.50482940673828,102.2752914428711,224.11807250976562,14.282073020935059
2021-02-23,122.36870574951172,102.57147979736328,222.93309020996094,14.069419860839844
2021-02-24,121.87284088134766,103.77556610107422,224.15631103515625,14.42458724975586
2021-02-25,117.63378143310547,100.6150131225586,218.84268188476562,13.239202499389648
2021-02-26,117.89631652832031,100.8874282836914,222.0824737548828,13.644112586975098
2021-03-01,124.24516296386719,103.09899139404297,226.44036865234375,13.770710945129395
2021-03-02,121.64923095703125,102.81814575195312,223.50643920898438,13.337445259094238
2021-03-03,118.67411041259766,100.38468933105469,217.47610473632812,12.739030838012695
2021-03-04,116.79763793945312,101.4931869506836,216.68284606933594,12.306761741638184
2021-03-05,118.05186462402344,104.43780517578125,221.3370361328125,12.397543907165527
2021-03-08,113.13224029541016,100.25887298583984,217.3135986328125,11.533746719360352
2021-03-09,117.73101806640625,101.67198944091797,223.42041015625,12.46028995513916
2021-03-10,116.6518325805664,101.78741455078125,222.12071228027344,12.408541679382324
2021-03-11,118.5768814086914,104.74638366699219,226.62200927734375,12.931276321411133
2021-03-12,117.6727066040039,102.12866973876953,225.30311584472656,12.794432640075684
2021-03-15,120.55056762695312,102.35502624511719,224.40481567382812,13.12807846069336
2021-03-16,122.08674621582031,103.6443099975586,227.17630004882812,13.22760009765625
2021-03-17,121.2992172241211,103.57299041748047,226.53599548339844,13.277363777160645
2021-03-18,117.18656921386719,100.85572814941406,220.49606323242188,12.661575317382812
2021-03-19,116.66154479980469,101.20145416259766,220.14247131347656,12.784232139587402
2021-03-22,119.96722412109375,100.9731216430664,225.5325164794922,13.123102188110352
2021-03-23,119.14080810546875,101.68489074707031,227.0520477294922,13.008156776428223
2021-03-24,116.75875854492188,101.2935791015625,225.02597045898438,12.582454681396484
2021-03-25,117.2448959350586,101.25891876220703,222.0442352294922,12.4752197265625
2021-03-26,117.84767150878906,100.82254028320312,226.00079345703125,12.777764320373535
2021-03-29,118.02272033691406,101.83296203613281,224.8157196044922,12.88624095916748
2021-03-30,116.57405090332031,101.81266784667969,221.57594299316406,12.810110092163086
2021-03-31,118.76161193847656,102.46102142333984,225.32228088378906,13.284327507019043
2021-04-01,119.58805084228516,105.88459777832031,231.61068725585938,13.74560546875
2021-04-05,122.40760040283203,110.23341369628906,238.0328826904297,13.920515060424805
2021-04-06,122.70899963378906,110.19378662109375,236.87652587890625,13.795120239257812
2021-04-07,124.35214233398438,111.4285888671875,238.82611083984375,14.075769424438477
2021-04-08,126.74384307861328,112.2092056274414,242.0276336669922,14.248437881469727
2021-04-09,129.31063842773438,113.22161102294922,244.51246643066406,14.331040382385254
2021-04-12,127.5994644165039,111.68169403076172,244.56979370117188,15.136163711547852
2021-04-13,130.70095825195312,112.2998275756836,247.0354461669922,15.604410171508789
2021-04-14,128.3675994873047,111.68415832519531,244.2639923095703,15.203840255737305
2021-04-15,130.76902770996094,113.75554656982422,248.00067138671875,16.05997085571289
2021-04-16,130.43850708007812,113.81002807617188,249.18577575683594,15.836297035217285
2021-04-19,131.09962463378906,114.03985595703125,247.27439880371094,15.288183212280273
2021-04-20,129.4176025390625,113.60546112060547,246.81561279296875,15.09859561920166
2021-04-21,129.7967529296875,113.588623046875,249.03282165527344,15.286941528320312
2021-04-22,128.28004455566406,112.33201599121094,245.7739715576172,14.779133796691895
2021-04-23,130.5940704345703,114.67880249023438,249.57762145996094,15.192148208618164
2021-04-26,130.98291015625,115.24542999267578,249.9598388671875,15.403878211975098
2021-04-27,130.66209411621094,114.27363586425781,250.3612518310547,15.308087348937988
2021-04-28,129.8745574951172,117.87897491455078,243.27963256835938,15.203591346740723
2021-04-29,129.77735900878906,120.35453796386719,241.3204345703125,15.251361846923828
2021-04-30,127.81333923339844,119.37532043457031,241.0050506591797,14.937623023986816
2021-05-03,128.86341857910156,118.63482666015625,240.6992950439453,14.765695571899414
2021-05-04,124.30352020263672,116.6080322265625,236.8096160888672,14.282524108886719
2021-05-05,124.54659271240234,116.73136138916016,235.5481414794922,14.389260292053223
2021-05-06,126.14107513427734,117.95032501220703,238.66363525390625,14.453449249267578
2021-05-07,126.81309509277344,118.80917358398438,241.27267456054688,14.741314888000488
2021-05-10,123.5407485961914,115.98444366455078,236.22657775878906,14.197433471679688
2021-05-11,122.62527465820312,114.3548812866211,235.31871032714844,14.237737655639648
2021-05-12,119.56717681884766,110.90354919433594,228.4091339111328,13.692611694335938
2021-05-13,121.70978546142578,112.03732299804688,232.26058959960938,13.599807739257812
2021-05-14,124.12506866455078,114.72138977050781,237.15367126464844,14.17479133605957
2021-05-17,122.9758529663086,114.98143005371094,234.3152618408203,14.097662925720215
2021-05-18,121.5928955078125,114.09085845947266,232.30833435058594,13.948631286621094
2021-05-19,121.43706512451172,114.3523941040039,232.88308715820312,13.99838924407959
2021-05-20,123.98873138427734,116.69916534423828,236.10153198242188,14.542522430419922
2021-05-21,122.15779113769531,116.15482330322266,234.8467254638672,14.919954299926758
2021-05-24,123.78421783447266,119.20446014404297,240.2205352783203,15.537235260009766
2021-05-25,123.58943176269531,119.32331848144531,241.1209259033203,15.572813987731934
2021-05-26,123.5407485961914,120.53482818603516,240.900634765625,15.6248140335083
2021-05-27,122.0116958618164,118.9983901977539,238.8124237060547,15.41383171081543
2021-05-28,121.35918426513672,119.4466323852539,239.1668243408203,16.166709899902344
2021-06-01,121.03778076171875,120.3505859375,236.98284912109375,16.18661117553711
2021-06-02,121.79743194580078,119.92808532714844,236.88706970214844,16.697900772094727
2021-06-03,120.31707763671875,119.10240173339844,235.364013671875,16.888479232788086
2021-06-04,122.60578155517578,121.43778991699219,240.23008728027344,17.494070053100586
2021-06-07,122.61550903320312,122.1475601196289,243.12294006347656,17.534626007080078
2021-06-08,123.43359375,122.97769927978516,241.93519592285156,17.373401641845703
2021-06-09,123.81343078613281,123.40118408203125,242.91220092773438,17.279081344604492
2021-06-10,122.8200454711914,124.89702606201172,246.4085235595703,17.345531463623047
2021-06-11,124.02769470214844,124.51712036132812,247.03118896484375,17.743953704833984
2021-06-14,127.07600402832031,125.16646575927734,248.94700622558594,17.93656349182129
2021-06-15,126.2579345703125,124.85047149658203,247.4813690185547,17.707368850708008
2021-06-16,126.75462341308594,124.51712036132812,246.5426483154297,17.72901725769043
2021-06-17,128.35183715820312,125.1852798461914,249.91441345214844,18.572158813476562
2021-06-18,127.05656433105469,124.38932037353516,248.50633239746094,18.553747177124023
2021-06-21,128.84857177734375,125.26849365234375,251.57159423828125,18.343204498291016
2021-06-22,130.48472595214844,125.80789947509766,254.33030700683594,18.800613403320312
2021-06-23,130.21202087402344,125.27494049072266,254.1004180908203,18.970333099365234
2021-06-24,129.92959594726562,126.08773803710938,255.46058654785156,19.11790657043457
2021-06-25,129.63742065429688,125.80343627929688,253.86085510253906,18.94420623779297
2021-06-28,131.2638702392578,125.62959289550781,257.4051513671875,19.89385223388672
2021-06-29,132.77342224121094,124.83609771728516,259.9722900390625,19.935413360595703
2021-06-30,133.3870086669922,124.14019012451172,259.49334716796875,19.911272048950195
2021-07-01,133.6889190673828,125.18280792236328,260.16387939453125,20.119815826416016
2021-07-02,136.30873107910156,127.51126861572266,265.9591064453125,20.39356231689453
2021-07-06,138.31497192382812,128.55337524414062,265.9686584472656,20.60409164428711
2021-07-07,140.7984619140625,128.8570098876953,268.1430358886719,20.278837203979492
2021-07-08,139.50311279296875,127.96497344970703,265.73883056640625,19.811979293823242
2021-07-09,141.32435607910156,128.35873413085938,266.2369079589844,19.958805084228516
2021-07-12,140.73028564453125,129.3389434814453,265.64306640625,20.4189510345459
2021-07-13,141.84056091308594,129.76544189453125,269.1489562988281,20.157642364501953
2021-07-14,145.25894165039062,130.8432159423828,270.6145324707031,19.75100326538086
2021-07-15,144.60646057128906,130.0348358154297,269.1968078613281,18.879749298095703
2021-07-16,142.57098388671875,130.60841369628906,268.9286193847656,18.078168869018555
2021-07-19,138.73377990722656,128.04124450683594,265.34613037109375,18.69409942626953
2021-07-20,142.3372344970703,129.87142944335938,267.55877685546875,18.52711296081543
2021-07-21,141.60678100585938,131.3563232421875,269.5511779785156,19.321474075317383
2021-07-22,142.97032165527344,132.0775146484375,274.0916442871094,19.504638671875
2021-07-23,144.6844024658203,136.52291870117188,277.4729919433594,19.468795776367188
2021-07-26,145.10313415527344,138.33424377441406,276.87908935546875,19.20600128173828
2021-07-27,142.94105529785156,135.51296997070312,274.47479248046875,19.120393753051758
2021-07-28,141.19775390625,135.1018524169922,274.16827392578125,19.414047241210938
2021-07-29,141.84056091308594,135.25938415527344,274.4364013671875,19.572328567504883
2021-07-30,142.05477905273438,133.95223999023438,272.9134826660156,19.410070419311523
2021-08-02,141.72366333007812,134.71356201171875,272.8272399902344,19.65992546081543
2021-08-03,143.51565551757812,135.0012969970703,275.03045654296875,19.724626541137695
2021-08-04,143.11636352539062,134.75218200683594,274.44610595703125,20.181529998779297
2021-08-05,143.22349548339844,135.65512084960938,277.329345703125,20.54288101196289
2021-08-06,142.5407257080078,135.75022888183594,277.2719421386719,20.273115158081055
2021-08-09,142.49195861816406,136.70718383789062,276.189453125,20.202434539794922
2021-08-10,142.01405334472656,136.80078125,274.3790588378906,19.845077514648438
2021-08-11,142.26760864257812,136.3975830078125,274.8675537109375,19.60915756225586
2021-08-12,145.2229766845703,137.09100341796875,277.60711669921875,19.814220428466797
2021-08-13,145.42782592773438,137.1073760986328,280.5191345214844,20.09592628479004
2021-08-16,147.39810180664062,137.6125946044922,282.1954345703125,19.8590087890625
2021-08-17,146.49099731445312,136.0122528076172,280.73944091796875,19.369253158569336
2021-08-18,142.75534057617188,135.28858947753906,279.0215148925781,18.953161239624023
2021-08-19,143.08692932128906,135.6288604736328,284.8182373046875,19.70770835876465
2021-08-20,144.54026794433594,137.13804626464844,292.10260009765625,20.72106170654297
2021-08-23,146.02281188964844,139.77560424804688,292.3808898925781,21.857852935791016
2021-08-24,145.93504333496094,141.06239318847656,290.4327087402344,21.693603515625
2021-08-25,144.70603942871094,141.60873413085938,289.8471374511719,22.1116886138916
2021-08-26,143.90628051757812,140.78948974609375,287.04486083984375,21.967355728149414
2021-08-27,144.9401397705078,143.19424438476562,287.64947509765625,22.532764434814453
2021-08-30,149.34881591796875,144.1045684814453,291.3636169433594,22.58452606201172
2021-08-31,148.0906219482422,144.09715270996094,289.7225341796875,22.286836624145508
2021-09-01,148.75381469726562,144.47360229492188,289.67449951171875,22.342592239379883
2021-09-02,149.8657684326172,142.86582946777344,289.0218505859375,22.29778289794922
2021-09-03,150.49974060058594,143.41659545898438,289.0122985839844,22.742826461791992
2021-09-07,152.83090209960938,144.15362548828125,288.09088134765625,22.562620162963867
2021-09-08,151.28985595703125,143.5240936279297,288.1197509765625,22.241037368774414
2021-09-09,150.27542114257812,143.55381774902344,285.2789306640625,22.079748153686523
2021-09-10,145.30104064941406,140.58937072753906,283.8009033203125,22.379425048828125
2021-09-13,145.86679077148438,142.11891174316406,285.0293884277344,22.054853439331055
2021-09-14,144.4719696044922,142.06044006347656,287.7166442871094,22.14446258544922
2021-09-15,145.35952758789062,143.8435516357422,292.5440673828125,22.24302864074707
2021-09-16,145.12545776367188,143.0188751220703,292.927978515625,22.14446258544922
2021-09-17,142.46266174316406,140.13616943359375,287.79339599609375,21.80396270751953
2021-09-20,139.41954040527344,137.712646484375,282.44781494140625,21.020418167114258
2021-09-21,139.8974609375,138.3362274169922,282.9275817871094,21.152830123901367
2021-09-22,142.25787353515625,139.61610412597656,286.5553894042969,21.844783782958984
2021-09-23,143.21377563476562,140.49578857421875,287.4959411621094,22.383413314819336
2021-09-24,143.30149841308594,141.29470825195312,287.29437255859375,21.984167098999023
2021-09-27,141.78970336914062,140.17333984375,282.322998046875,21.56501579284668
2021-09-28,138.4149169921875,134.90621948242188,272.101806640625,20.608224868774414
2021-09-29,139.312255859375,133.25881958007812,272.5625305175781,20.427024841308594
2021-09-30,138.01504516601562,132.01510620117188,270.56634521484375,20.62515640258789
2021-10-01,139.13671875,135.18209838867188,277.4571838378906,20.651039123535156
2021-10-04,135.71315002441406,132.50991821289062,271.7083740234375,19.645469665527344
2021-10-05,137.6346435546875,134.89927673339844,277.1308898925781,20.361318588256836
2021-10-06,138.502685546875,136.06524658203125,281.3056640625,20.609224319458008
2021-10-07,139.7609100341797,137.87957763671875,282.9756164550781,20.982582092285156
2021-10-08,139.38055419921875,138.74191284179688,282.9756164550781,20.73965072631836
2021-10-11,139.2927703857422,137.54470825195312,282.380615234375,20.604244232177734
2021-10-12,138.02479553222656,135.4302520751953,281.0849304199219,20.580350875854492
2021-10-13,137.4395751953125,136.60610961914062,284.37677001953125,20.847177505493164
2021-10-14,140.21934509277344,140.08518981933594,290.5574645996094,21.650636672973633
2021-10-15,141.27273559570312,140.34567260742188,291.9586181640625,21.766130447387695
2021-10-18,142.9405975341797,141.61912536621094,294.91461181640625,22.12455177307129
2021-10-19,145.09619140625,142.47254943847656,295.8167419433594,22.192251205444336
2021-10-20,145.5838623046875,141.0787353515625,295.02978515625,22.006074905395508
2021-10-21,145.79849243164062,141.4408416748047,298.2448425292969,22.59248924255371
2021-10-22,145.02792358398438,137.3242645263672,296.7093200683594,22.626340866088867
2021-10-25,144.97914123535156,137.4709014892578,295.72076416015625,23.06441307067871
2021-10-26,145.64242553710938,138.36148071289062,297.6210021972656,24.608613967895508
2021-10-27,145.18394470214844,145.0535888671875,310.15509033203125,24.34377098083496
2021-10-28,148.81239318847656,144.75790405273438,311.28753662109375,24.83162498474121
2021-10-29,146.1106414794922,146.8793487548828,318.26470947265625,25.454879760742188
2021-11-01,145.29127502441406,142.42503356933594,316.1053466796875,25.7137393951416
2021-11-02,146.32516479492188,144.49440002441406,319.7139587402344,26.285221099853516
2021-11-03,147.7589874267578,145.4126739501953,320.5489501953125,26.481355667114258
2021-11-04,147.24203491210938,147.2879638671875,322.8906555175781,29.670316696166992
2021-11-05,147.76951599121094,147.84072875976562,322.5259704589844,29.62152862548828
2021-11-08,146.948974609375,147.9501495361328,323.4184875488281,30.66891860961914
2021-11-09,147.3103790283203,147.84814453125,322.4204406738281,30.522558212280273
2021-11-10,144.4874725341797,145.250244140625,317.4777526855469,29.32981300354004
2021-11-11,144.43861389160156,145.37109375,319.0421142578125,30.256731033325195
2021-11-12,146.5093994140625,148.2413787841797,323.1593933105469,30.256731033325195
2021-11-15,146.51918029785156,147.986328125,322.5355529785156,29.893333435058594
2021-11-16,147.4959716796875,147.67727661132812,325.8370361328125,30.07054901123047
2021-11-17,149.92820739746094,147.66339111328125,326.0581359863281,29.132675170898438
2021-11-18,154.20657348632812,149.29493713378906,328.1253356933594,31.536088943481445
2021-11-19,156.8243865966797,148.5455322265625,329.8944396972656,32.84034729003906
2021-11-22,157.2834930419922,145.69851684570312,326.7408142089844,31.81586265563965
2021-11-23,157.66441345214844,145.38003540039062,324.673583984375,31.606786727905273
2021-11-24,158.18211364746094,145.34088134765625,324.8947448730469,32.53071212768555
2021-11-26,153.17115783691406,141.46607971191406,316.98175048828125,31.364852905273438
2021-11-29,156.52157592773438,144.7430419921875,323.6640625,33.22962951660156
2021-11-30,161.46417236328125,141.11541748046875,317.8567199707031,32.53270721435547
2021-12-01,160.94644165039062,140.28921508789062,317.3663635253906,31.300981521606445
2021-12-02,159.9599151611328,142.42745971679688,316.799072265625,31.989028930664062
2021-12-03,158.08441162109375,141.18325805664062,310.5686950683594,30.562143325805664
2021-12-06,161.48370361328125,142.4473114013672,313.6261901855469,29.908939361572266
2021-12-07,167.2076873779297,146.64749145507812,322.0199279785156,32.288753509521484
2021-12-08,171.01722717285156,147.32508850097656,322.0679931640625,31.690311431884766
2021-12-09,170.50927734375,146.71636962890625,320.27008056640625,30.36000633239746
2021-12-10,175.2857666015625,147.280029296875,329.3464050292969,30.069252014160156
2021-12-13,171.661865234375,145.3280029296875,326.3274230957031,28.040939331054688
2021-12-14,170.28460693359375,143.61029052734375,315.6933288574219,28.2161865234375
2021-12-15,175.1392822265625,145.98577880859375,321.7602233886719,30.329145431518555
2021-12-16,168.26266479492188,143.47950744628906,312.3858337402344,28.265979766845703
2021-12-17,167.1686248779297,141.46311950683594,311.32818603515625,27.682476043701172
2021-12-20,165.8108673095703,141.0653839111328,307.58807373046875,27.60082244873047
2021-12-21,168.97569274902344,142.8673095703125,314.6837463378906,28.9510440826416
2021-12-22,171.56419372558594,145.5702362060547,320.3662414550781,29.274656295776367
2021-12-23,172.18934631347656,145.76187133789062,321.7988586425781,29.51363182067871
2021-12-27,176.14540100097656,146.67474365234375,329.2598876953125,30.813068389892578
2021-12-28,175.12950134277344,145.0739288330078,328.1061096191406,30.19272804260254
2021-12-29,175.21743774414062,145.1298828125,328.7791748046875,29.87309455871582
2021-12-30,174.0648193359375,144.63259887695312,326.2503967285156,29.459863662719727
2021-12-31,173.4494171142578,143.32199096679688,323.3659973144531,29.28561019897461
2022-01-03,177.786376953125,143.71328735351562,321.8564758300781,29.992586135864258
2022-01-04,175.53001403808594,143.06149291992188,316.3375244140625,29.165124893188477
2022-01-05,170.86093139648438,136.36192321777344,304.19403076171875,27.486316680908203
2022-01-06,168.00865173339844,136.26036071777344,301.79034423828125,28.0578670501709
2022-01-07,168.1747589111328,135.71900939941406,301.9441223144531,27.130834579467773
2022-01-10,168.1942596435547,137.2738037109375,302.165283203125,27.28318214416504
2022-01-11,171.01722717285156,138.70375061035156,302.8479309082031,27.69840431213379
2022-01-12,171.45677185058594,140.31893920898438,306.0112609863281,27.879636764526367
2022-01-13,168.1942596435547,137.8255615234375,293.05999755859375,26.461698532104492
2022-01-14,169.0538330078125,138.47491455078125,298.2520446777344,26.827136993408203
2022-01-18,165.85975646972656,135.01171875,290.9928283691406,25.792564392089844
2022-01-19,162.37257385253906,134.3791961669922,291.6466369628906,24.960128784179688
2022-01-20,160.69248962402344,132.25384521484375,289.9832763671875,24.047039031982422
2022-01-21,158.64122009277344,128.87136840820312,284.6278076171875,23.274349212646484
2022-01-24,157.86953735351562,129.1487274169922,284.95477294921875,23.272357940673828
2022-01-25,156.072265625,125.54635620117188,277.37823486328125,22.22882080078125
2022-01-26,155.9843292236328,128.02737426757812,285.2815856933594,22.674915313720703
2022-01-27,155.52523803710938,127.90948486328125,288.2911071777344,21.850444793701172
2022-01-28,166.37744140625,132.03887939453125,296.3868408203125,22.74262237548828
2022-01-31,170.7241668701172,134.42526245117188,299.00201416015625,24.381610870361328
2022-02-01,170.55812072753906,136.5847930908203,296.8675842285156,24.532958984375
2022-02-02,171.75958251953125,146.64749145507812,301.38653564453125,25.134384155273438
2022-02-03,168.88778686523438,141.31204223632812,289.64678955078125,23.84589958190918
2022-02-04,168.60414123535156,141.6741180419922,294.1561584472656,24.215316772460938
2022-02-07,167.8902130126953,137.63438415527344,289.3583068847656,24.62257194519043
2022-02-08,170.9905548095703,137.9067840576172,292.82928466796875,25.00095558166504
2022-02-09,172.40870666503906,140.1257781982422,299.22314453125,26.59114646911621
2022-02-10,168.34005737304688,137.302001953125,290.7332763671875,25.713899612426758
2022-02-11,164.9365234375,132.87149047851562,283.676025390625,23.84689712524414
2022-02-14,165.17127990722656,134.030517578125,283.6375427246094,24.163545608520508
2022-02-15,168.99533081054688,135.1454620361328,288.89678955078125,26.38204002380371
2022-02-16,168.76065063476562,136.19747924804688,288.5596618652344,26.397974014282227
2022-02-17,165.17127990722656,131.0670623779297,280.1100158691406,24.40252113342285
2022-02-18,163.62596130371094,129.2433624267578,277.41229248046875,23.54120445251465
2022-02-22,160.71141052246094,128.1883544921875,277.2099304199219,23.290283203125
2022-02-23,156.5547332763672,126.38790130615234,270.0320739746094,22.291555404663086
2022-02-24,159.1660919189453,131.4286651611328,283.8289489746094,23.646753311157227
2022-02-25,161.22976684570312,133.25733947753906,286.4496154785156,24.054006576538086
2022-02-28,161.4938201904297,133.6253204345703,287.87554931640625,24.281038284301758
2022-03-01,159.61599731445312,132.90911865234375,284.17584228515625,23.376907348632812
2022-03-02,162.90220642089844,133.48716735839844,289.22442626953125,24.120849609375
2022-03-03,162.57943725585938,133.04782104492188,285.1103820800781,23.616918563842773
2022-03-04,159.58665466308594,130.88232421875,279.27166748046875,22.842105865478516
2022-03-07,155.80165100097656,125.27790832519531,268.7217712402344,21.264589309692383
2022-03-08,153.9824981689453,126.08428192138672,265.7734680175781,21.425926208496094
2022-03-09,159.37149047851562,132.60997009277344,277.96142578125,22.91978645324707
2022-03-10,155.03875732421875,131.4370574951172,275.1576843261719,22.565244674682617
2022-03-11,151.3319854736328,129.25125122070312,269.83941650390625,22.009532928466797
2022-03-14,147.312255859375,125.55181884765625,266.34197998046875,21.2426815032959
2022-03-15,151.68406677246094,128.44395446777344,276.66070556640625,22.878950119018555
2022-03-16,156.08526611328125,132.43609619140625,283.6363525390625,24.395719528198242
2022-03-17,157.0926513671875,133.3375701904297,284.4359130859375,24.664613723754883
2022-03-18,160.37887573242188,135.51792907714844,289.4556579589844,26.344707489013672
2022-03-21,161.74810791015625,135.19796752929688,288.2320251464844,26.624555587768555
2022-03-22,165.11257934570312,138.9613037109375,292.9530334472656,26.41541862487793
2022-03-23,166.4720458984375,137.20396423339844,288.5499267578125,25.529062271118164
2022-03-24,170.2472686767578,139.986083984375,292.9916076660156,28.034761428833008
2022-03-25,170.88299560546875,140.19361877441406,292.5869445800781,27.57863998413086
2022-03-28,171.74368286132812,140.6181182861328,299.3505859375,28.10348129272461
2022-03-29,175.02989196777344,141.90589904785156,303.8884582519531,28.538686752319336
2022-03-30,173.86602783203125,141.30609130859375,302.3949890136719,27.576648712158203
2022-03-31,170.7754364013672,138.33920288085938,297.04779052734375,27.17429542541504
2022-04-01,170.48199462890625,139.37982177734375,298.1171875,26.60264778137207
2022-04-04,174.5213623046875,142.29473876953125,303.4645080566406,27.24799919128418
2022-04-05,171.21554565429688,139.73944091796875,299.52392578125,25.824844360351562
2022-04-06,168.0564422607422,135.888916015625,288.5596618652344,24.30708122253418
2022-04-07,168.35964965820312,135.1845703125,290.3612976074219,24.108901977539062
2022-04-08,166.35470581054688,132.75314331054688,286.1220703125,23.02435874938965
2022-04-11,162.11000061035156,128.57864379882812,274.8398132324219,21.82728385925293
2022-04-12,163.97804260253906,127.16998291015625,271.7567138671875,21.415966033935547
2022-04-13,166.65785217285156,129.06353759765625,277.11358642578125,22.11210823059082
2022-04-14,161.6601104736328,126.05901336669922,269.60809326171875,21.170970916748047
2022-04-18,161.44493103027344,126.76036834716797,270.27288818359375,21.693822860717773
2022-04-19,163.7237091064453,129.3062744140625,274.8782958984375,22.107126235961914
2022-04-20,163.55746459960938,127.04220581054688,275.8996276855469,21.394058227539062
2022-04-21,162.7652587890625,123.7652359008789,270.5523376464844,20.10037612915039
2022-04-22,158.2369842529297,118.49170684814453,264.0199890136719,19.435110092163086
2022-04-25,159.3030242919922,122.09357452392578,270.4656066894531,19.820526123046875
2022-04-26,153.35655212402344,118.38469696044922,260.34918212890625,18.711088180541992
2022-04-27,153.131591796875,113.9412841796875,272.874267578125,18.339616775512695
2022-04-28,160.0463409423828,118.29107666015625,279.0501708984375,19.701011657714844
2022-04-29,154.1878662109375,113.88778686523438,267.38250732421875,18.4710750579834
2022-05-02,154.49110412597656,116.0577392578125,274.07861328125,19.453035354614258
2022-05-03,155.97767639160156,117.02111053466797,271.48687744140625,19.521751403808594
2022-05-04,162.37405395507812,121.4249038696289,279.38739013671875,20.250755310058594
2022-05-05,153.3271942138672,115.65108489990234,267.21875,18.766860961914062
2022-05-06,154.05201721191406,114.57479858398438,264.6944580078125,18.598552703857422
2022-05-09,148.9391632080078,112.02296447753906,254.9152069091797,16.880613327026367
2022-05-10,151.3388671875,113.50938415527344,259.6554260253906,17.52297019958496
2022-05-11,143.4932098388672,112.8917236328125,251.0323486328125,16.561920166015625
2022-05-12,139.63409423828125,112.09922790527344,246.0223846435547,16.108781814575195
2022-05-13,144.0907440185547,115.42225646972656,251.5816192626953,17.633514404296875
2022-05-16,142.55294799804688,113.71542358398438,251.94769287109375,17.193323135375977
2022-05-17,146.17701721191406,115.60651397705078,257.07342529296875,18.102590560913086
2022-05-18,137.92984008789062,111.34637451171875,245.36888122558594,16.86865997314453
2022-05-19,134.53106689453125,109.7063980102539,244.46115112304688,17.053897857666016
2022-05-20,134.76611328125,108.287353515625,243.90103149414062,16.625659942626953
2022-05-23,140.17283630371094,110.61875915527344,251.71365356445312,16.82882308959961
2022-05-24,137.479248046875,104.93212127685547,250.71902465820312,16.087867736816406
2022-05-25,137.63600158691406,104.84642791748047,253.51954650878906,16.905513763427734
2022-05-26,140.8291015625,107.2798843383789,256.78369140625,17.777921676635742
2022-05-27,146.5688018798828,111.74063873291016,263.8719787597656,18.733993530273438
2022-05-31,145.78524780273438,112.96900177001953,262.5489807128906,18.595565795898438
2022-06-01,145.65792846679688,113.06607055664062,263.0801696777344,18.2450008392334
2022-06-02,148.10658264160156,116.6412124633789,265.1660461425781,19.51179313659668
2022-06-03,142.396240234375,113.48907470703125,260.7623596191406,18.643367767333984
2022-06-06,143.140625,115.91261291503906,259.53594970703125,18.709095001220703
2022-06-07,145.65792846679688,116.12955474853516,263.15740966796875,18.84851837158203
2022-06-08,144.92332458496094,116.13796997070312,261.1390686035156,18.575586318969727
2022-06-09,139.71246337890625,113.83975982666016,255.7117462158203,17.977916717529297
2022-06-10,134.31553649902344,110.38198852539062,244.31629943847656,16.90808868408203
2022-06-13,129.17330932617188,105.87370300292969,233.9541778564453,15.5862398147583
2022-06-14,130.03521728515625,106.1882095336914,236.1077117919922,15.774505615234375
2022-06-15,132.6504364013672,109.35472869873047,243.12847900390625,16.46282196044922
2022-06-16,127.39065551757812,105.63545227050781,236.57127380371094,15.54041862487793
2022-06-17,128.85989379882812,106.8534164428711,239.1593475341797,15.818334579467773
2022-06-21,133.08143615722656,110.96398162841797,245.04058837890625,16.501672744750977
2022-06-22,132.5720977783203,110.98280334472656,244.4514923095703,16.296472549438477
2022-06-23,135.43215942382812,111.62720489501953,249.98501586914062,16.16199493408203
2022-06-24,138.7526092529297,117.42578125,258.52197265625,17.059494018554688
2022-06-27,138.7526092529297,115.52825164794922,255.80824279785156,16.803495407104492
2022-06-28,134.61920166015625,111.51527404785156,247.6866455078125,15.919939041137695
2022-06-29,136.37246704101562,111.20320129394531,251.3370819091797,15.481647491455078
2022-06-30,133.91397094726562,108.34627532958984,248.02462768554688,15.100135803222656
2022-07-01,136.0785675048828,108.05751037597656,250.68031311035156,14.466602325439453
2022-07-05,138.6546173095703,112.81842041015625,253.83824157714844,14.905892372131348
2022-07-06,139.9867401123047,114.13249206542969,257.0830383300781,15.071248054504395
2022-07-07,143.34632873535156,118.18658447265625,259.1979675292969,15.79642105102539
2022-07-08,144.0221710205078,119.0409927368164,258.4833679199219,15.776498794555664
2022-07-11,141.8966827392578,115.42920684814453,255.44137573242188,15.093162536621094
2022-07-12,142.86639404296875,113.77188873291016,244.97296142578125,15.023432731628418
2022-07-13,142.50396728515625,111.13438415527344,244.0555419921875,15.105113983154297
2022-07-14,145.42282104492188,110.39439392089844,245.36888122558594,15.312307357788086
2022-07-15,147.08792114257812,111.70893859863281,247.91839599609375,15.70079231262207
2022-07-18,144.05152893066406,108.87873840332031,245.5330810546875,16.038476943969727
2022-07-19,147.90089416503906,113.54454803466797,250.63206481933594,16.926015853881836
2022-07-20,149.8990478515625,113.62379455566406,253.27809143066406,17.73784828186035
2022-07-21,152.16165161132812,113.96060943603516,255.75999450683594,17.979907989501953
2022-07-22,150.92747497558594,107.3432846069336,251.43362426757812,17.251747131347656
2022-07-25,149.81088256835938,107.19469451904297,249.9560089111328,16.9578914642334
2022-07-26,148.48858642578125,104.45068359375,243.263671875,16.468801498413086
2022-07-27,153.5720672607422,112.53411102294922,259.5263366699219,17.720918655395508
2022-07-28,154.12054443359375,113.51483154296875,266.9333190917969,17.914159774780273
2022-07-29,159.17465209960938,115.54559326171875,271.1148681640625,18.092472076416016
2022-08-01,158.19515991210938,114.39647674560547,268.4784851074219,18.3693904876709
2022-08-02,156.7259521484375,114.81254577636719,265.3979187011719,18.454059600830078
2022-08-03,162.72039794921875,117.6655044555664,272.7855529785156,18.81963348388672
2022-08-04,162.40695190429688,117.75467681884766,273.9251403808594,19.140384674072266
2022-08-05,162.18136596679688,117.11075592041016,273.2104187011719,18.915266036987305
2022-08-08,161.7105255126953,117.03152465820312,270.7092590332031,17.72390365600586
2022-08-09,161.7595977783203,116.39752197265625,272.62139892578125,17.019651412963867
2022-08-10,165.996826171875,119.51798248291016,279.2461853027344,18.02672576904297
2022-08-11,165.2611846923828,118.69575500488281,277.1795349121094,17.872325897216797
2022-08-12,168.802001953125,121.49921417236328,281.9018859863281,18.6363525390625
2022-08-15,169.87112426757812,121.72703552246094,283.408447265625,18.95809555053711
2022-08-16,169.7141876220703,121.36052703857422,282.6744689941406,18.805688858032227
2022-08-17,171.20504760742188,119.19107818603516,281.9292907714844,18.263803482055664
2022-08-18,170.8126983642578,119.72599029541016,280.81640625,18.700103759765625
2022-08-19,168.2330780029297,117.01170349121094,276.9259948730469,17.77968978881836
2022-08-22,164.3588104248047,113.9903335571289,268.7967529296875,16.967853546142578
2022-08-23,164.0252685546875,113.6931381225586,267.52899169921875,17.114276885986328
2022-08-24,164.31956481933594,113.62379455566406,266.89990234375,17.155126571655273
2022-08-25,166.77169799804688,116.59563446044922,269.861328125,17.843441009521484
2022-08-26,160.48451232910156,110.25569152832031,259.4481506347656,16.19685935974121
2022-08-29,158.2873992919922,109.30470275878906,256.6803894042969,15.739641189575195
2022-08-30,155.86474609375,108.87873840332031,254.4931640625,15.40793514251709
2022-08-31,154.20713806152344,108.1258773803711,253.04150390625,15.035387992858887
2022-09-01,154.9329833984375,109.51274108886719,252.00601196289062,13.882880210876465
2022-09-02,152.82415771484375,107.66028594970703,247.80589294433594,13.594006538391113
2022-09-06,151.5686798095703,106.47154998779297,245.08648681640625,13.412713050842285
2022-09-07,152.97129821777344,109.44338989257812,249.77049255371094,13.664806365966797
2022-09-08,151.5000457763672,108.3933334350586,250.1865692138672,13.939813613891602
2022-09-09,154.35427856445312,110.73118591308594,255.9351348876953,14.3353910446167
2022-09-12,160.29811096191406,110.82035827636719,258.0545349121094,14.452967643737793
2022-09-13,150.8919219970703,104.32189178466797,243.8671112060547,13.08389663696289
2022-09-14,152.33375549316406,104.87665557861328,244.08973693847656,13.080906867980957
2022-09-15,149.4500732421875,102.92513275146484,237.47018432617188,12.882619857788086
2022-09-16,147.81207275390625,102.65765380859375,236.85081481933594,13.150654792785645
2022-09-19,151.5196533203125,102.87559509277344,236.63790893554688,13.33399772644043
2022-09-20,153.89328002929688,100.87454223632812,234.6346435546875,13.128734588623047
2022-09-21,150.7742156982422,99.0716323852539,231.2474365234375,13.213431358337402
2022-09-22,149.81298828125,99.6263656616211,233.21200561523438,12.51594066619873
2022-09-23,147.54727172851562,98.23950958251953,230.2506103515625,12.471101760864258
2022-09-26,147.88076782226562,97.88289642333984,229.7958221435547,12.184136390686035
2022-09-27,148.85179138183594,97.16964721679688,228.78932189941406,12.368474006652832
2022-09-28,146.9685516357422,99.79478454589844,233.2991180419922,12.690314292907715
2022-09-29,139.74960327148438,97.16964721679688,229.8441925048828,12.176162719726562
2022-09-30,135.55166625976562,95.24784851074219,225.39244079589844,12.095454216003418
2022-10-03,139.72018432617188,98.3682861328125,232.97976684570312,12.467117309570312
2022-10-04,143.30023193359375,101.4491195678711,240.8573455810547,13.119767189025879
2022-10-05,143.594482421875,101.2608871459961,241.1670379638672,13.161615371704102
2022-10-06,142.64305114746094,101.28070068359375,238.834716796875,13.082900047302246
2022-10-07,137.40538024902344,98.63574981689453,226.68927001953125,12.032681465148926
2022-10-10,137.72906494140625,97.78380584716797,221.86012268066406,11.62813663482666
2022-10-11,136.31668090820312,97.13002014160156,218.1439208984375,11.544439315795898
2022-10-12,135.68893432617188,97.3776626586914,218.47296142578125,11.458745002746582
2022-10-13,140.24981689453125,98.7744369506836,226.68927001953125,11.917097091674805
2022-10-14,135.72821044921875,96.26818084716797,221.19235229492188,11.186729431152344
2022-10-17,139.6809539794922,99.83439636230469,229.8732452392578,11.845352172851562
2022-10-18,140.9952850341797,100.43868255615234,230.81195068359375,11.924074172973633
2022-10-19,141.10316467285156,99.34900665283203,228.8570556640625,12.007769584655762
2022-10-20,140.64215087890625,99.58674621582031,228.53768920898438,12.150259017944336
2022-10-21,144.44781494140625,100.52783966064453,234.31524658203125,12.421283721923828
2022-10-24,146.58602905273438,102.00386047363281,239.27992248535156,12.553804397583008
2022-10-25,149.420654296875,103.94547271728516,242.57997131347656,13.213431358337402
2022-10-26,146.4879913330078,93.93030548095703,223.8634033203125,12.849738121032715
2022-10-27,142.02517700195312,91.73116302490234,219.44070434570312,13.128734588623047
2022-10-28,152.7554931640625,95.67381286621094,228.26675415039062,13.78437328338623
2022-10-31,150.4014892578125,93.7718276977539,224.64732360839844,13.44858169555664
2022-11-01,147.7630157470703,89.65087890625,220.8149871826172,13.494417190551758
2022-11-02,142.250732421875,86.25304412841797,213.00511169433594,13.171579360961914
2022-11-03,136.2186279296875,82.70663452148438,207.34361267089844,13.372855186462402
2022-11-04,135.95335388183594,85.88651275634766,214.25350952148438,14.10522174835205
2022-11-07,136.48385620117188,87.8182144165039,220.5246124267578,14.249699592590332
2022-11-08,137.0536651611328,88.0757827758789,221.49237060546875,14.549620628356934
2022-11-09,132.5048828125,86.57994079589844,217.2729034423828,13.726581573486328
2022-11-10,144.29443359375,93.28643035888672,235.1475830078125,15.693502426147461
2022-11-11,147.07481384277344,95.8224105834961,239.1444091796875,16.2684326171875
2022-11-14,145.67971801757812,95.12897491455078,233.763671875,16.236547470092773
2022-11-15,147.40884399414062,97.79373931884766,234.1701202392578,16.606220245361328
2022-11-16,146.18081665039062,98.06120300292969,234.5971221923828,15.852927207946777
2022-11-17,148.076904296875,97.57579040527344,234.548583984375,15.620766639709473
2022-11-18,148.63693237304688,96.88236236572266,234.10218811035156,15.353726387023926
2022-11-21,145.4144744873047,94.93085479736328,234.90765380859375,15.262056350708008
2022-11-22,147.5464324951172,96.41677856445312,237.7997589111328,15.98046875
2022-11-23,148.4208221435547,97.89279174804688,240.27447509765625,16.459745407104492
2022-11-25,145.51272583007812,96.68424224853516,240.18714904785156,16.21163558959961
2022-11-28,141.69094848632812,95.34690856933594,234.626220703125,15.770223617553711
2022-11-29,138.6944122314453,94.54450988769531,233.23841857910156,15.58289909362793
2022-11-30,145.4341278076172,100.49811553955078,247.6114044189453,16.866605758666992
2022-12-01,145.709228515625,100.32972717285156,247.17471313476562,17.07790184020996
2022-12-02,145.2179412841797,99.8839340209961,247.49497985839844,16.81976318359375
2022-12-05,144.05865478515625,98.93295288085938,242.81719970703125,16.554651260375977
2022-12-06,140.40391540527344,96.39695739746094,237.88706970214844,15.933728218078613
2022-12-07,138.46844482421875,94.2572250366211,237.15921020507812,16.066287994384766
2022-12-08,140.14846801757812,93.0684814453125,240.09982299804688,17.111787796020508
2022-12-09,139.6670379638672,92.19673919677734,238.17822265625,16.944347381591797
2022-12-12,141.95619201660156,92.68214416503906,245.05902099609375,17.4765682220459
2022-12-13,142.91897583007812,94.95066833496094,249.33892822265625,18.01177978515625
2022-12-14,140.69862365722656,94.41572570800781,249.6300506591797,17.6151065826416
2022-12-15,134.10629272460938,90.34427642822266,241.66229248046875,16.895509719848633
2022-12-16,132.1511993408203,90.00747680664062,237.4697723388672,16.515783309936523
2022-12-19,130.0487060546875,88.31351470947266,233.35488891601562,16.19983673095703
2022-12-20,129.9799346923828,88.78901672363281,234.66506958007812,16.031400680541992
2022-12-21,133.07472229003906,89.40321350097656,237.21743774414062,16.44601821899414
2022-12-22,129.91116333007812,87.43187713623047,231.1615753173828,15.287886619567871
2022-12-23,129.54766845703125,88.96731567382812,231.6856231689453,15.155328750610352
2022-12-27,127.749755859375,87.10498046875,229.96786499023438,14.073943138122559
2022-12-28,123.82972717285156,85.64875793457031,227.6095733642578,13.989227294921875
2022-12-29,127.33711242675781,88.11540985107422,233.8983612060547,14.554336547851562
2022-12-30,127.65150451660156,87.8974609375,232.7434844970703,14.565302848815918
2023-01-03,122.87676239013672,88.85835266113281,232.5105438232422,14.267298698425293
2023-01-04,124.14411163330078,87.87765502929688,222.3397979736328,14.699851989746094
2023-01-05,122.8276138305664,85.95584869384766,215.75015258789062,14.217466354370117
2023-01-06,127.34695434570312,87.33282470703125,218.29283142089844,14.809486389160156
2023-01-09,127.86764526367188,87.96680450439453,220.41819763183594,15.575925827026367
2023-01-10,128.43748474121094,88.40267944335938,222.09718322753906,15.855985641479492
2023-01-11,131.1490936279297,91.39434814453125,228.81295776367188,15.94767951965332
2023-01-12,131.0704803466797,91.04763793945312,231.4720916748047,16.45598030090332
2023-01-13,132.39678955078125,91.92927551269531,232.1708984375,16.842687606811523
2023-01-17,133.5561065673828,91.29528045654297,233.25784301757812,17.64301300048828
2023-01-18,132.83892822265625,90.91885375976562,228.85179138183594,17.3190975189209
2023-01-19,132.89788818359375,93.02886199951172,225.0862579345703,16.70913314819336
2023-01-20,135.45228576660156,98.34848022460938,233.13169860839844,17.779556274414062
2023-01-23,138.63543701171875,100.26036834716797,235.42205810546875,19.129043579101562
2023-01-24,140.0305633544922,98.27912902832031,234.89794921875,19.2008056640625
2023-01-25,139.372314453125,95.8224105834961,233.51014709472656,19.258607864379883
2023-01-26,141.4355010986328,98.22959899902344,240.6820831298828,19.73601531982422
2023-01-27,143.37091064453125,99.76504516601562,240.83738708496094,20.297142028808594
2023-01-30,140.4923553466797,97.03096008300781,235.54818725585938,19.0981502532959
2023-01-31,141.7596893310547,98.93295288085938,240.4977264404297,19.471899032592773
2023-02-01,142.87969970703125,100.4782943725586,245.29193115234375,20.873214721679688
2023-02-02,148.17518615722656,107.7791519165039,256.7923889160156,21.636659622192383
2023-02-03,151.79067993164062,104.23275756835938,250.72669982910156,21.029691696166992
2023-02-06,149.06924438476562,102.49916076660156,249.1933135986328,21.018722534179688
2023-02-07,151.93800354003906,107.02628326416016,259.6649169921875,22.09911346435547
2023-02-08,149.25587463378906,99.06172180175781,258.8594055175781,22.131006240844727
2023-02-09,148.22430419921875,94.56432342529297,255.8411865234375,22.262571334838867
2023-02-10,148.58837890625,93.96995544433594,255.33656311035156,21.194141387939453
2023-02-13,151.38284301757812,94.108642578125,263.3139953613281,21.715396881103516
2023-02-14,150.7432403564453,94.05909729003906,264.1388854980469,22.894458770751953
2023-02-15,152.839111328125,96.18891906738281,262.02764892578125,22.688146591186523
2023-02-16,151.2450714111328,94.88131713867188,255.0518035888672,21.928682327270508
2023-02-17,150.10366821289062,93.70247650146484,251.0725555419922,21.316730499267578
2023-02-21,146.09896850585938,91.18634033203125,245.82850646972656,20.586172103881836
2023-02-22,146.5220489501953,90.93867492675781,244.6999053955078,20.684837341308594
2023-02-23,147.00418090820312,90.21551513671875,247.8716278076172,23.585145950317383
2023-02-24,144.35733032226562,88.51164245605469,242.471923828125,23.208404541015625
2023-02-27,145.54795837402344,89.25460052490234,243.3864288330078,23.422687530517578
2023-02-28,145.04608154296875,89.4527359008789,242.66651916503906,23.13863754272461
2023-03-01,142.9797821044922,89.66075897216797,239.6017608642578,22.62236213684082
2023-03-02,143.57017517089844,91.4438705444336,244.31072998046875,23.236310958862305
2023-03-03,148.60806274414062,93.1378173828125,248.37754821777344,23.81039047241211
2023-03-06,151.36314392089844,94.6832046508789,249.91477966308594,23.475513458251953
2023-03-07,149.16893005371094,93.28643035888672,247.26840209960938,23.214338302612305
2023-03-08,150.41854858398438,93.76193237304688,246.83059692382812,24.10451316833496
2023-03-09,148.17510986328125,91.79060363769531,245.4879913330078,23.36186981201172
2023-03-10,146.11862182617188,90.15606689453125,241.8589630126953,22.892364501953125
2023-03-13,148.0570526123047,90.79998779296875,247.04464721679688,22.893362045288086
2023-03-14,150.14303588867188,93.36566925048828,253.72865295410156,23.986886978149414
2023-03-15,150.53665161132812,95.64409637451172,258.252685546875,24.151369094848633
2023-03-16,153.35073852539062,100.12168884277344,268.72137451171875,25.46021270751953
2023-03-17,152.514404296875,101.49864196777344,271.8639221191406,25.643632888793945
2023-03-20,154.8759002685547,100.97361755371094,264.8588562011719,25.818077087402344
2023-03-21,156.72576904296875,104.84691619873047,266.3669738769531,26.116134643554688
2023-03-22,155.2990264892578,103.24211883544922,264.917236328125,26.3842830657959
2023-03-23,156.38137817382812,105.26297760009766,270.141845703125,27.104991912841797
2023-03-24,157.68020629882812,105.06486511230469,272.9730529785156,26.69429588317871
2023-03-27,155.74179077148438,102.0929946899414,268.8964538574219,26.447084426879883
2023-03-28,155.12185668945312,100.4089584350586,267.7776794433594,26.326461791992188
2023-03-29,158.1918487548828,100.94390106201172,272.9147033691406,26.89864730834961
2023-03-30,159.75637817382812,100.36933898925781,276.3587951660156,27.296388626098633
2023-03-31,162.25564575195312,103.0241928100586,280.4937438964844,27.68914031982422
2023-04-03,163.50527954101562,103.92566680908203,279.4527587890625,27.876543045043945
2023-04-04,162.9739532470703,104.13368225097656,279.40411376953125,27.366165161132812
2023-04-05,161.1339111328125,103.96527862548828,276.6409606933594,26.795974731445312
2023-04-06,162.01947021484375,107.87821960449219,283.7043762207031,26.95148277282715
2023-04-10,159.43165588378906,105.9465103149414,281.5542907714844,27.491769790649414
2023-04-11,158.22137451171875,105.12429809570312,275.1718444824219,27.08306121826172
2023-04-12,157.53262329101562,104.23275756835938,275.8139953613281,26.411197662353516
2023-04-13,162.9050750732422,107.17488098144531,281.9920654296875,26.379297256469727
2023-04-14,162.5606689453125,108.43295288085938,278.39227294921875,26.673362731933594
2023-04-17,162.58033752441406,105.4214859008789,280.98016357421875,26.91659164428711
2023-04-18,163.80044555664062,104.13368225097656,280.561767578125,27.579490661621094
2023-04-19,164.94187927246094,104.03461456298828,280.63970947265625,27.842649459838867
2023-04-20,163.97755432128906,104.90635681152344,278.363037109375,27.018268585205078
2023-04-21,162.3737335205078,104.91626739501953,278.0224914550781,27.033222198486328
2023-04-24,162.6787109375,105.77810668945312,274.14056396484375,26.956464767456055
2023-04-25,161.14373779296875,103.62846374511719,267.9624938964844,26.15799903869629
2023-04-26,161.1339111328125,103.46995544433594,287.372314453125,26.870738983154297
2023-04-27,165.70932006835938,107.35318756103516,296.576171875,27.139883041381836
2023-04-28,166.958984375,107.2046127319336,298.9403991699219,27.661231994628906
2023-05-01,166.8704071044922,106.69938659667969,297.2864074707031,28.818559646606445
2023-05-02,165.83726501464844,104.9856185913086,297.1404724121094,28.120769500732422
2023-05-03,164.76475524902344,105.12429809570312,296.15777587890625,27.71405792236328
2023-05-04,163.13134765625,104.22283935546875,297.1404724121094,27.474821090698242
2023-05-05,170.78659057617188,105.2184066772461,302.23858642578125,28.589284896850586
2023-05-08,170.71771240234375,107.22440338134766,300.292724609375,29.05879020690918
2023-05-09,169.01547241210938,106.92723083496094,298.6874084472656,28.480627059936523
2023-05-10,170.77671813964844,111.22649383544922,303.85357666015625,28.793638229370117
2023-05-11,170.96372985839844,115.80313873291016,301.7131652832031,28.487606048583984
2023-05-12,170.03750610351562,116.81358337402344,300.60406494140625,28.2503604888916
2023-05-15,169.5448455810547,115.86257934570312,301.08074951171875,28.86142349243164
2023-05-16,169.5448455810547,118.96321868896484,303.29901123046875,29.120601654052734
2023-05-17,170.15574645996094,120.3401870727539,306.1657409667969,30.08254623413086
2023-05-18,172.48110961914062,122.36103820800781,310.5729064941406,31.577800750732422
2023-05-19,172.58949279785156,122.09357452392578,310.3974609375,31.165109634399414
2023-05-22,171.6436004638672,124.6889877319336,313.1665344238281,31.077390670776367
2023-05-23,169.0423126220703,122.1332015991211,307.3942565917969,30.59093475341797
2023-05-24,169.31822204589844,120.4986801147461,306.01947021484375,30.441410064697266
2023-05-25,170.4513397216797,123.1832504272461,317.788330078125,37.859867095947266
2023-05-26,172.85552978515625,124.25312805175781,324.5844421386719,38.822818756103516
2023-05-30,174.69808959960938,123.47051239013672,322.9462890625,39.984127044677734
2023-05-31,174.64881896972656,122.21244812011719,320.1966857910156,37.71433639526367
2023-06-01,177.44712829589844,123.20305633544922,324.2821044921875,39.64419937133789
2023-06-02,178.29452514648438,124.05499267578125,327.0318298339844,39.202606201171875
2023-06-05,176.94461059570312,125.44185638427734,327.55828857421875,39.0471076965332
2023-06-06,176.58004760742188,126.70985412597656,325.3546447753906,38.531742095947266
2023-06-07,175.21044921875,121.7864990234375,315.3116760253906,37.3603401184082
2023-06-08,177.9200897216797,121.5190200805664,317.144775390625,38.39216995239258
2023-06-09,178.30438232421875,121.7171401977539,318.6365661621094,38.651371002197266
2023-06-12,181.0928497314453,123.1832504272461,323.5703430175781,39.3611946105957
2023-06-13,180.61990356445312,123.26250457763672,325.949462890625,40.8964729309082
2023-06-14,181.25050354003906,123.21295928955078,328.9233703613281,42.86543655395508
2023-06-15,183.28028869628906,124.6097412109375,339.4149169921875,42.522483825683594
2023-06-16,182.20628356933594,122.89598083496094,333.7888488769531,42.56137466430664
2023-06-20,182.29495239257812,122.68793487548828,329.61566162109375,43.673954010009766
2023-06-21,181.26036071777344,120.12225341796875,325.2376708984375,42.91328430175781
2023-06-22,184.25572204589844,122.70777130126953,331.2342224121094,42.89334487915039
2023-06-23,183.94044494628906,121.86573028564453,326.6612854003906,42.07984924316406
2023-06-26,182.5511474609375,117.97260284423828,320.40142822265625,40.50767517089844
2023-06-27,185.30020141601562,117.89335632324219,326.2225341796875,41.74787139892578
2023-06-28,186.4727325439453,119.94393920898438,327.4705505371094,40.99118423461914
2023-06-29,186.80770874023438,118.88397979736328,326.69049072265625,40.697086334228516
2023-06-30,191.12344360351562,119.83495330810547,332.04351806640625,42.17256546020508
2023-07-03,189.6356201171875,119.4288101196289,329.5571594238281,42.28321838378906
2023-07-05,188.52218627929688,121.47938537597656,329.713134765625,42.18751907348633
2023-07-06,188.99513244628906,119.79533386230469,332.75531005859375,41.97416687011719
2023-07-07,187.88174438476562,119.01274108886719,328.8063659667969,42.37294006347656
2023-07-10,185.8421173095703,115.7734375,323.55084228515625,42.05093765258789
2023-07-11,185.3199005126953,116.60556030273438,324.1748962402344,42.27524948120117
2023-07-12,186.98509216308594,118.49764251708984,328.7868347167969,43.76766586303711
2023-07-13,187.74380493164062,123.65874481201172,334.110595703125,45.8363151550293
2023-07-14,187.89158630371094,124.52057647705078,336.6262512207031,45.329872131347656
2023-07-17,191.14315795898438,123.8865966796875,337.1040344238281,46.31882858276367
2023-07-18,190.88697814941406,122.91580200195312,350.520751953125,47.34867858886719
2023-07-19,192.23687744140625,121.62796783447266,346.22076416015625,46.93294906616211
2023-07-20,190.2957763671875,118.40848541259766,338.2156066894531,45.3807258605957
2023-07-21,189.1232452392578,119.18115997314453,335.19293212890625,44.17342758178711
2023-07-24,189.92135620117188,120.73641204833984,336.49951171875,44.475494384765625
2023-07-25,190.77859497070312,121.63790130615234,342.2231140136719,45.53923034667969
2023-07-26,191.64569091796875,128.44345092773438,329.3426208496094,45.31292724609375
2023-07-27,190.3844451904297,128.65145874023438,322.468505859375,45.75954818725586
2023-07-28,192.95616149902344,131.76199340820312,329.92767333984375,46.60695266723633
2023-07-31,193.56704711914062,131.861083984375,327.53875732421875,46.586021423339844
2023-08-01,192.73939514160156,130.65249633789062,327.9483337402344,46.36469268798828
2023-08-02,189.7538604736328,127.4329833984375,319.32891845703125,44.133541107177734
2023-08-03,188.3645477294922,127.56180572509766,318.5098571777344,44.378787994384766
2023-08-04,179.3192596435547,127.33395385742188,319.60186767578125,44.54328918457031
2023-08-07,176.22535705566406,130.7020263671875,321.8736877441406,45.27802658081055
2023-08-08,177.16140747070312,130.60296630859375,317.91510009765625,44.527339935302734
2023-08-09,175.5750274658203,128.92881774902344,314.1903991699219,42.423789978027344
2023-08-10,175.35826110839844,128.98828125,314.8728942871094,42.258296966552734
2023-08-11,175.41744995117188,128.94863891601562,313.00079345703125,40.7299919128418
2023-08-14,177.06520080566406,130.59307861328125,315.9552001953125,43.6191291809082
2023-08-15,175.08200073242188,129.04771423339844,313.82958984375,43.80554962158203
2023-08-16,174.2137451171875,127.89859008789062,313.0674133300781,43.35293197631836
2023-08-17,171.67803955078125,129.23594665527344,309.6280212402344,43.21137619018555
2023-08-18,172.16152954101562,126.90796661376953,309.2371826171875,43.166507720947266
2023-08-21,173.4934844970703,127.72026824951172,314.5135803222656,46.82329177856445
2023-08-22,174.86492919921875,128.47312927246094,315.080322265625,45.528263092041016
2023-08-23,178.70303344726562,131.96011352539062,319.51641845703125,46.971824645996094
2023-08-24,174.02630615234375,129.1962890625,312.6473083496094,47.01868438720703
2023-08-25,176.22650146484375,129.46377563476562,315.58843994140625,45.877201080322266
2023-08-28,177.7854461669922,130.55343627929688,316.29193115234375,46.69169235229492
2023-08-29,181.66299438476562,134.21873474121094,320.8940734863281,48.63473129272461
2023-08-30,185.1458740234375,135.64523315429688,321.26544189453125,49.11325454711914
2023-08-31,185.36294555664062,136.06129455566406,320.2590026855469,49.2039794921875
2023-09-01,186.93170166015625,135.51644897460938,321.1383972167969,48.36056137084961
2023-09-05,187.1685333251953,135.42726135253906,325.91650390625,48.399452209472656
2023-09-06,180.46913146972656,134.09983825683594,325.2618408203125,46.92085647583008
2023-09-07,175.19056701660156,134.92205810546875,322.35980224609375,46.103309631347656
2023-09-08,175.80223083496094,135.9126739501953,326.6200256347656,45.436302185058594
2023-09-11,176.96649169921875,136.44761657714844,330.2060546875,45.043479919433594
2023-09-12,173.94737243652344,134.79330444335938,324.17730712890625,44.736385345458984
2023-09-13,171.88522338867188,136.20985412597656,328.3690490722656,45.34954833984375
2023-09-14,173.39483642578125,137.68589782714844,330.9486389160156,45.44527053833008
2023-09-15,172.67454528808594,137.00234985351562,322.6626892089844,43.76927947998047
2023-09-18,175.59506225585938,137.65615844726562,321.52923583984375,43.835086822509766
2023-09-19,176.6803741455078,137.52740478515625,321.1286315917969,43.39040756225586
2023-09-20,173.14816284179688,133.32717895507812,313.428955078125,42.113216400146484
2023-09-21,171.6089324951172,130.1274871826172,312.2173156738281,40.89485549926758
2023-09-22,172.45748901367188,130.01852416992188,309.7550354003906,41.48609924316406
2023-09-25,173.7302703857422,130.9298553466797,310.2729187011719,42.09627151489258
2023-09-26,169.665283203125,128.23538208007812,304.9964904785156,41.786197662353516
2023-09-27,168.15565490722656,130.22654724121094,305.63165283203125,42.3415412902832
2023-09-28,168.41221618652344,131.88087463378906,306.46221923828125,42.96070098876953
2023-09-29,168.92526245117188,130.61289978027344,308.5238342285156,43.36947250366211
2023-10-02,171.43136596679688,133.90171813964844,314.4353942871094,44.648651123046875
2023-10-03,170.09939575195312,132.04928588867188,306.2178955078125,43.38741683959961
2023-10-04,171.3425750732422,134.99142456054688,311.6604309082031,43.90985870361328
2023-10-05,172.57591247558594,134.7140655517578,312.05126953125,44.554927825927734
2023-10-06,175.12149047851562,137.42831420898438,319.7704772949219,45.625728607177734
2023-10-09,176.60145568847656,138.1910858154297,322.2718505859375,45.138187408447266
2023-10-10,176.0094451904297,137.89390563964844,320.8746032714844,45.66162872314453
2023-10-11,177.40066528320312,140.3704376220703,324.8123779296875,46.6666259765625
2023-10-12,178.29849243164062,138.9736785888672,323.58123779296875,46.805213928222656
2023-10-13,176.46331787109375,137.27972412109375,320.2297058105469,45.32563400268555
2023-10-16,176.3350372314453,139.1718292236328,325.02734375,45.95774459838867
2023-10-17,174.7860107421875,139.6671142578125,324.46063232421875,43.807159423828125
2023-10-18,173.4934844970703,137.97315979003906,322.55523681640625,42.07035446166992
2023-10-19,173.1185760498047,137.6759796142578,323.7375793457031,41.97563552856445
2023-10-20,170.572998046875,135.45700073242188,319.1939697265625,41.263763427734375
2023-10-23,170.69137573242188,136.60610961914062,321.78326416015625,42.8470344543457
2023-10-24,171.12548828125,138.80526733398438,322.96563720703125,43.532981872558594
2023-10-25,168.81674194335938,125.48149108886719,332.87353515625,41.65459060668945
2023-10-26,164.66290283203125,122.28179168701172,320.3860168457031,40.20591354370117
2023-10-27,165.9751739501953,122.2421646118164,322.2621154785156,40.37940216064453
2023-10-30,168.0175323486328,124.57012939453125,329.5904846191406,41.038429260253906
2023-10-31,168.49114990234375,124.12433624267578,330.3721923828125,40.6585693359375
2023-11-01,171.64840698242188,126.373046875,338.1499938964844,42.1989631652832
2023-11-02,175.2003936767578,127.37356567382812,340.3484802246094,43.37645721435547
2023-11-03,174.2926788330078,129.14674377441406,344.7259216308594,44.87099075317383
2023-11-06,176.8382568359375,130.21664428710938,348.3705749511719,45.614768981933594
2023-11-07,179.39369201660156,131.15769958496094,352.2790832519531,45.81816101074219
2023-11-08,180.4493865966797,132.00965881347656,354.8879089355469,46.43531799316406
2023-11-09,179.97579956054688,130.4543914794922,352.4354248046875,46.81019592285156
2023-11-10,184.15487670898438,132.80213928222656,361.20989990234375,48.191070556640625
2023-11-13,182.57411193847656,132.38604736328125,358.2882995605469,48.47522735595703
2023-11-14,185.1823272705078,134.15927124023438,361.7961120605469,49.50813293457031
2023-11-15,185.74546813964844,135.1003875732422,361.94305419921875,48.7424201965332
2023-11-16,187.42501831054688,137.3986053466797,368.3071594238281,49.33266067504883
2023-11-17,187.40524291992188,135.65512084960938,362.1192626953125,49.151206970214844
2023-11-20,189.14401245117188,136.6259307861328,369.55059814453125,50.25890350341797
2023-11-21,188.34378051757812,137.31936645507812,365.2719421386719,49.79528045654297
2023-11-22,189.00572204589844,138.70620727539062,369.9519958496094,48.5709342956543
2023-11-24,187.68186950683594,136.92311096191406,369.5408020019531,47.63373565673828
2023-11-27,187.5040283203125,136.75473022460938,370.69610595703125,48.098350524902344
2023-11-28,188.106689453125,137.31936645507812,374.70068359375,47.6786003112793
2023-11-29,187.089111328125,135.1201629638672,370.9311828613281,47.99665451049805
2023-11-30,187.66209411621094,132.66346740722656,370.9898986816406,46.6307258605957
2023-12-01,188.9365692138672,132.06910705566406,366.681884765625,46.62575149536133
2023-12-04,187.1483612060547,129.40432739257812,361.42413330078125,45.374488830566406
2023-12-05,191.0902862548828,131.14781188964844,364.7334899902344,46.43141555786133
2023-12-06,190.00355529785156,130.19680786132812,361.0911560058594,45.37149429321289
2023-12-07,191.9300537109375,137.15093994140625,363.1962890625,46.461334228515625
2023-12-08,193.35269165039062,135.35791015625,366.40777587890625,47.368709564208984
2023-12-11,190.85317993164062,133.43614196777344,363.5389709472656,46.492244720458984
2023-12-12,192.36476135253906,132.38604736328125,366.5545654296875,47.51926803588867
2023-12-13,195.5756378173828,132.71298217773438,366.5447692871094,47.94902420043945
2023-12-14,195.72381591796875,131.95021057128906,358.28118896484375,48.210262298583984
2023-12-15,195.19032287597656,132.58419799804688,362.9808654785156,48.74869918823242
2023-12-18,193.53057861328125,135.9027557373047,364.8607482910156,49.932281494140625
2023-12-19,194.56790161132812,136.80422973632812,365.45794677734375,49.46063995361328
2023-12-20,192.48330688476562,138.349609375,362.8731689453125,47.97195816040039
2023-12-21,192.33511352539062,140.4695281982422,365.7321472167969,48.848419189453125
2023-12-22,191.26812744140625,141.38088989257812,366.7503967285156,48.688873291015625
2023-12-26,190.72476196289062,141.47994995117188,366.8287353515625,49.13658142089844
2023-12-27,190.82354736328125,140.11288452148438,366.25103759765625,49.27418899536133
2023-12-28,191.2483673095703,139.9544219970703,367.4356994628906,49.37887954711914
2023-12-29,190.21104431152344,139.60768127441406,368.17987060546875,49.37887954711914
2024-01-02,183.4040069580078,138.25051879882812,363.1178894042969,48.028785705566406
2024-01-03,182.03074645996094,139.0430450439453,362.8536376953125,47.4315299987793
2024-01-04,179.7189483642578,136.7447967529297,360.2491760253906,47.85927963256836
2024-01-05,178.99769592285156,136.10092163085938,360.0631103515625,48.955108642578125
2024-01-08,183.32501220703125,139.21141052246094,366.8580627441406,52.101985931396484
2024-01-09,182.9100341796875,141.22238159179688,367.9350891113281,52.986419677734375
2024-01-10,183.94740295410156,142.4507598876953,374.7691650390625,54.192928314208984
2024-01-11,183.35464477539062,142.32199096679688,376.59033203125,54.66356658935547
2024-01-12,183.68063354492188,142.8866424560547,380.35003662109375,54.551883697509766
2024-01-16,181.41824340820312,142.7281494140625,382.1124267578125,56.21905517578125
2024-01-17,180.47964477539062,141.54930114746094,381.32916259765625,55.89100646972656
2024-01-18,186.35800170898438,143.6295928955078,385.6371765136719,56.941959381103516
2024-01-19,189.252685546875,146.5816192626953,390.3368225097656,59.31906509399414
2024-01-22,191.55465698242188,146.32406616210938,388.2220153808594,59.48159408569336
2024-01-23,192.82908630371094,147.28497314453125,390.5620422363281,59.69996643066406
2024-01-24,192.15728759765625,148.93930053710938,394.1455078125,61.184654235839844
2024-01-25,191.83126831054688,152.19845581054688,396.4072265625,61.43892288208008
2024-01-26,190.10232543945312,152.3470458984375,395.4868469238281,60.8546142578125
2024-01-29,189.42066955566406,153.3871612548828,401.1558532714844,62.28447341918945
2024-01-30,185.77508544921875,151.61398315429688,400.0494384765625,62.59257888793945
2024-01-31,182.17893981933594,140.4695281982422,389.26959228515625,61.34919357299805
2024-02-01,184.60931396484375,141.37100219726562,395.3400573730469,62.844852447509766
2024-02-02,183.61146545410156,142.19320678710938,402.6245422363281,65.96880340576172
2024-02-05,185.41941833496094,143.57015991210938,397.1708679199219,69.13162994384766
2024-02-06,187.01991271972656,144.04566955566406,397.01434326171875,68.02584075927734
2024-02-07,187.12860107421875,145.30372619628906,405.3953552246094,69.89640045166016
2024-02-08,186.05174255371094,145.83868408203125,405.4540710449219,69.43973541259766
2024-02-09,186.81341552734375,148.81053161621094,411.75946044921875,71.92454528808594
2024-02-12,185.1317596435547,147.33450317382812,406.5801086425781,72.03919219970703
2024-02-13,183.0445098876953,144.99664306640625,397.826904296875,71.91954803466797
2024-02-14,182.1641082763672,145.7593994140625,401.6720886230469,73.68641662597656
2024-02-15,181.87722778320312,142.5894317626953,398.7980041503906,72.447998046875
2024-02-16,180.3439483642578,140.42991638183594,396.3458251953125,72.40315246582031
2024-02-20,179.60202026367188,140.86573791503906,395.1000671386719,69.25127410888672
2024-02-21,180.3538360595703,142.49037170410156,394.5016784667969,67.27700805664062
2024-02-22,182.38174438476562,143.95652770996094,403.7908630371094,78.31102752685547
2024-02-23,180.5516815185547,143.92678833007812,402.505859375,78.58921813964844
2024-02-26,179.2063751220703,137.44813537597656,399.75933837890625,78.8634262084961
2024-02-27,180.66049194335938,138.78546142578125,399.70050048828125,78.47354125976562
2024-02-28,179.4635467529297,136.14051818847656,399.9358825683594,77.43854522705078
2024-02-29,178.80076599121094,138.46847534179688,405.74285888671875,78.88336944580078
2024-03-01,177.7225341796875,136.784423828125,407.5673522949219,82.04121398925781
2024-03-04,173.21170043945312,132.9408416748047,406.99853515625,84.99066162109375
2024-03-05,168.285400390625,132.52474975585938,394.9626770019531,85.71957397460938
2024-03-06,167.29620361328125,131.3162078857422,394.413330078125,88.44781494140625
2024-03-07,167.177490234375,133.9710693359375,401.3288269042969,92.405517578125
2024-03-08,168.88880920410156,135.01121520996094,398.4645080566406,87.27912902832031
2024-03-11,170.88705444335938,137.63638305664062,396.7969970703125,85.5301284790039
2024-03-12,171.36187744140625,138.30996704101562,407.3515625,91.65166473388672
2024-03-13,169.28453063964844,139.44920349121094,407.17498779296875,90.62957763671875
2024-03-14,171.13436889648438,142.9856719970703,417.101806640625,87.69396209716797
2024-03-15,170.75843811035156,140.8360595703125,408.4698181152344,87.5872573852539
2024-03-18,171.84657287597656,147.0868377685547,409.3526916503906,88.2034912109375
2024-03-19,174.18115234375,146.53211975097656,413.364501953125,89.14380645751953
2024-03-20,176.74319458007812,148.27557373046875,417.1116027832031,90.11505126953125
2024-03-21,169.5218963623047,147.3444061279297,421.1725158691406,91.17501831054688
2024-03-22,170.42210388183594,150.3459930419922,420.5545959472656,94.02091979980469
2024-03-25,169.00755310058594,149.73179626464844,414.7868347167969,94.73188018798828
2024-03-26,167.8798370361328,150.27664184570312,413.5999755859375,92.29782104492188
2024-03-27,171.44100952148438,150.51434326171875,413.38409423828125,89.99340057373047
2024-03-28,169.6307373046875,150.8313751220703,412.6877136230469,90.09910583496094
2024-04-01,168.1963653564453,155.03160095214844,416.4642333984375,90.1060791015625
2024-04-02,167.0192108154297,154.4075164794922,413.3939514160156,89.19767761230469
2024-04-03,167.8204803466797,154.90280151367188,412.4228820800781,88.7110366821289
2024-04-04,166.99942016601562,150.51434326171875,409.9019470214844,85.66075134277344
2024-04-05,167.75123596191406,152.49562072753906,417.39605712890625,87.75777435302734
2024-04-08,166.63343811035156,154.67498779296875,416.4838562011719,86.88525390625
2024-04-09,167.84027099609375,156.65625,418.14154052734375,85.11131286621094
2024-04-10,165.9706573486328,156.18072509765625,415.17919921875,86.79153442382812
2024-04-11,173.15235900878906,159.2813262939453,419.7600402832031,90.35835266113281
2024-04-12,174.64608764648438,157.6963653564453,413.84515380859375,87.93525695800781
2024-04-15,170.8277130126953,154.86318969726562,405.74285888671875,85.7564697265625
2024-04-16,167.5533905029297,154.5363311767578,406.6649475097656,87.16645050048828
2024-04-17,166.1882781982422,155.40802001953125,403.97723388671875,83.79607391357422
2024-04-18,165.23863220214844,155.98260498046875,396.5517272949219,84.43025207519531
2024-04-19,163.22061157226562,154.25892639160156,391.5000915527344,75.98334503173828
2024-04-22,164.0515594482422,156.46798706054688,393.3049621582031,79.29190826416016
2024-04-23,165.1001739501953,158.4195098876953,399.78875732421875,82.18863677978516
2024-04-24,167.19728088378906,159.58843994140625,401.25030517578125,79.4504623413086
2024-04-25,168.05787658691406,156.46798706054688,391.4216613769531,82.39707946777344
2024-04-26,167.47425842285156,172.060302734375,398.5626220703125,87.48554992675781
2024-04-29,171.6289520263672,166.3246612548828,394.5703125,87.50748443603516
2024-04-30,168.49314880371094,163.09519958496094,381.8969421386719,86.15634155273438
2024-05-01,167.47425842285156,164.01649475097656,387.3999328613281,82.80489349365234
2024-05-02,171.16404724121094,166.87937927246094,390.2445068359375,85.57300567626953
2024-05-03,181.40243530273438,167.4044189453125,398.8961486816406,88.53655242919922
2024-05-06,179.7504425048828,168.2365264892578,405.644775390625,91.87802124023438
2024-05-07,180.43296813964844,171.3569793701172,401.5249328613281,90.29652404785156
2024-05-08,180.76931762695312,169.5540771484375,402.7020568847656,90.1549301147461
2024-05-09,182.57960510253906,169.97010803222656,404.44805908203125,88.49465942382812
2024-05-10,181.3215789794922,168.69216918945312,406.82183837890625,89.62244415283203
2024-05-13,184.52108764648438,169.29647827148438,405.82135009765625,90.1419677734375
2024-05-14,185.66021728515625,170.31680297851562,408.607177734375,91.09625244140625
2024-05-15,187.92860412597656,172.24853515625,415.75115966796875,94.36093139648438
2024-05-16,188.0474395751953,173.7839813232422,413.6974182128906,94.09070587158203
2024-05-17,188.07717895507812,175.62649536132812,412.930908203125,92.21605682373047
2024-05-20,189.23611450195312,176.7855682373047,417.9720458984375,94.51050567626953
2024-05-21,190.5337677001953,177.85540771484375,421.60797119140625,95.11479187011719
2024-05-22,189.0974578857422,176.32986450195312,423.0622863769531,94.6800308227539
2024-05-23,185.1154022216797,173.4174346923828,419.603271484375,103.5038833618164
2024-05-24,188.18614196777344,174.675537109375,422.70855712890625,106.16627502441406
2024-05-28,188.196044921875,176.3496856689453,422.86578369140625,113.5771484375
2024-05-29,188.49322509765625,175.73550415039062,421.7357177734375,114.4985122680664
2024-05-30,189.48374938964844,171.9315185546875,407.4869079589844,110.1858139038086
2024-05-31,190.43470764160156,172.3277587890625,407.9389343261719,109.3212890625
2024-06-03,192.19790649414062,172.78346252441406,406.35675048828125,114.67301940917969
2024-06-04,192.51486206054688,173.48680114746094,408.8626403808594,116.10594177246094
2024-06-05,194.02052307128906,175.40859985351562,416.66510009765625,122.09185028076172
2024-06-06,192.64364624023438,176.67657470703125,417.166259765625,120.65396881103516
2024-06-07,195.0308837890625,174.29908752441406,416.5078125,120.54428100585938
2024-06-10,191.29647827148438,175.1718292236328,420.4582214355469,121.4437255859375
2024-06-11,205.1940155029297,176.7189483642578,425.1849060058594,120.57612609863281
2024-06-12,211.05813598632812,178.07763671875,433.4197082519531,124.85427856445312
2024-06-13,212.21707153320312,175.28091430664062,433.93072509765625,129.25209045410156
2024-06-14,210.4835968017578,176.8974609375,434.903564453125,131.51580810546875
2024-06-17,214.6241455078125,177.3040771484375,440.6030578613281,130.61830139160156
2024-06-18,212.26657104492188,174.9933319091797,438.6082458496094,135.2056121826172
2024-06-20,207.7001190185547,176.24293518066406,437.9794006347656,130.4188690185547
2024-06-21,205.5308074951172,178.7718505859375,441.9886779785156,126.22048950195312
2024-06-24,206.17466735839844,179.29750061035156,439.915283203125,117.78385162353516
2024-06-25,207.09588623046875,184.0479278564453,443.1383972167969,125.74180603027344
2024-06-26,211.2364044189453,183.8396759033203,444.3274841308594,126.05094909667969
2024-06-27,212.07838439941406,185.3173828125,445.0055236816406,123.64762115478516
2024-06-28,208.63124084472656,181.90574645996094,439.2077331542969,123.19886016845703
2024-07-01,214.703369140625,182.96693420410156,448.8182678222656,123.9567642211914
2024-07-02,218.1901397705078,185.06942749023438,451.3240966796875,122.33126068115234
2024-07-03,219.4580535888672,185.84298706054688,452.7882385253906,127.9257583618164
2024-07-05,224.2028045654297,190.37527465820312,459.4607238769531,125.48253631591797
2024-07-08,225.6688232421875,188.90748596191406,458.1635437011719,127.84599304199219
2024-07-09,226.5207061767578,188.86781311035156,451.5796203613281,131.01722717285156
2024-07-10,230.78012084960938,191.0695037841797,458.17340087890625,134.53746032714844
2024-07-11,225.42120361328125,185.75375366210938,446.8234558105469,127.04820251464844
2024-07-12,228.36317443847656,185.23802185058594,445.693359375,128.8831329345703
2024-07-15,232.1867218017578,186.63641357421875,446.0963134765625,128.08535766601562
2024-07-16,232.60276794433594,183.96859741210938,441.733154296875,126.0110855102539
2024-07-17,226.71885681152344,181.1123809814453,435.8370666503906,117.66417694091797
2024-07-18,222.0631866455078,177.74046325683594,432.74169921875,120.75562286376953
2024-07-19,222.19198608398438,177.90904235839844,429.5381164550781,117.60435485839844
2024-07-22,221.8452911376953,181.83636474609375,435.26715087890625,123.19886016845703
2024-07-23,222.88536071777344,182.08428955078125,437.1440734863281,122.25147247314453
2024-07-24,216.4764404296875,172.9304962158203,421.4703674316406,113.93451690673828
2024-07-25,215.43638610839844,167.7635040283203,411.15228271484375,111.9699478149414
2024-07-26,215.90194702148438,167.28744506835938,417.90325927734375,112.747802734375
2024-07-29,216.17930603027344,169.71726989746094,419.3380126953125,111.28185272216797
2024-07-30,216.73399353027344,170.44122314453125,415.593994140625,103.44355773925781
2024-07-31,219.9830322265625,171.7205352783203,411.1031188964844,116.69686126708984
2024-08-01,216.2981719970703,171.02635192871094,409.8846130371094,108.90841674804688
2024-08-02,217.7840118408203,167.009765625,401.4139099121094,106.9737777709961
2024-08-05,207.29397583007812,159.3138427734375,388.3050231933594,100.17261505126953
2024-08-06,205.27325439453125,159.2146453857422,392.6877746582031,103.96212768554688
2024-08-07,207.8388214111328,159.4229278564453,391.5281677246094,98.63688659667969
2024-08-08,211.2958526611328,162.48739624023438,395.7143859863281,104.68013763427734
2024-08-09,214.19821166992188,164.02462768554688,398.9867248535156,104.46075439453125
2024-08-12,215.72540283203125,162.59652709960938,399.7630310058594,108.71894836425781
2024-08-13,219.43441772460938,164.5601348876953,406.83831787109375,115.81930541992188
2024-08-14,219.88064575195312,160.6923828125,409.6389465332031,117.75393676757812
2024-08-15,222.8557586669922,161.82296752929688,414.4824523925781,122.52074432373047
2024-08-16,224.17474365234375,163.37998962402344,411.9622497558594,124.23599243164062
2024-08-19,224.0160675048828,167.009765625,414.97467041015625,129.64102172851562
2024-08-20,224.6309051513672,167.56515502929688,418.19378662109375,126.89862060546875
2024-08-21,224.52183532714844,166.2461395263672,417.5440673828125,128.1451416015625
2024-08-22,222.66732788085938,164.12379455566406,409.0876159667969,123.39830780029297
2024-08-23,224.9581756591797,166.04779052734375,410.3083801269531,129.0127410888672
2024-08-26,225.2953338623047,166.5436553955078,407.05963134765625,126.11080169677734
2024-08-27,226.13832092285156,165.00648498535156,407.4042663574219,127.94571685791016
2024-08-28,224.61109924316406,163.1419677734375,404.2146301269531,125.26315307617188
2024-08-29,227.8837127685547,162.05105590820312,406.6954040527344,117.2652816772461
2024-08-30,227.1002655029297,163.74693298339844,410.6529235839844,119.0403823852539
2024-09-03,220.9219512939453,157.3006134033203,403.07269287109375,107.70176696777344
2024-09-04,219.0178680419922,156.50718688964844,402.54107666015625,105.91670989990234
2024-09-05,220.53517150878906,157.29067993164062,402.03900146484375,106.91395568847656
2024-09-06,218.98812866210938,150.87408447265625,395.45306396484375,102.54605865478516
2024-09-09,219.077392578125,148.50070190429688,399.4104919433594,106.17599487304688
2024-09-10,218.28399658203125,148.9674072265625,407.7586669921875,107.8014907836914
2024-09-11,220.8128662109375,151.09254455566406,416.4612121582031,116.58717346191406
2024-09-12,220.9219512939453,154.45899963378906,420.3595886230469,118.82117462158203
2024-09-13,220.65420532226562,157.26931762695312,423.89373779296875,118.78128051757812
2024-09-16,214.5254669189453,157.88504028320312,424.6321105957031,116.46749114990234
2024-09-17,214.9915313720703,159.1660614013672,428.3828430175781,115.28067779541016
2024-09-18,218.85919189453125,159.69236755371094,424.1103210449219,113.0666275024414
2024-09-19,226.97132873535156,162.10549926757812,431.8677673339844,117.55458068847656
2024-09-20,226.306884765625,163.4957275390625,428.5009460449219,115.68958282470703
2024-09-23,224.59124755859375,161.9366912841797,426.7683410644531,115.9488754272461
2024-09-24,225.4837646484375,162.50270080566406,422.495849609375,120.54655456542969
2024-09-25,224.4920654296875,161.8572235107422,425.3901062011719,123.17948150634766
2024-09-26,225.63253784179688,162.69140625,424.6025695800781,123.70806121826172
2024-09-27,225.9002685546875,164.1412353515625,421.3637390136719,121.07512664794922
2024-09-30,231.0670623779297,166.02804565429688,423.60821533203125,121.11502075195312
2024-10-01,224.3334197998047,167.2494659423828,414.1477355957031,116.68689727783203
2024-10-02,224.898681640625,166.14720153808594,410.6430358886719,118.53195190429688
2024-10-03,223.79788208007812,166.0478973388672,410.06231689453125,122.52124786376953
2024-10-04,224.91851806640625,167.38851928710938,409.58966064453125,124.58570861816406
2024-10-07,219.8509063720703,163.2474822998047,403.1711120605469,127.37820434570312
2024-10-08,223.89706420898438,164.54837036132812,408.2607421875,132.53436279296875
2024-10-09,227.63580322265625,161.92672729492188,410.96795654296875,132.29501342773438
2024-10-10,227.13992309570312,162.04586791992188,409.37310791015625,134.44924926757812
2024-10-11,225.6623077392578,163.3765869140625,409.8456726074219,134.43927001953125
2024-10-14,229.38119506835938,165.1938934326172,412.6217956542969,137.7005157470703
2024-10-15,231.9100341796875,165.7400360107422,412.2280578613281,131.2478485107422
2024-10-16,229.857177734375,165.58116149902344,409.6487731933594,135.35682678222656
2024-10-17,230.22413635253906,163.3666534423828,410.2394714355469,136.5635528564453
2024-10-18,233.05047607421875,163.9029083251953,411.6570739746094,137.63070678710938
2024-10-21,234.51820373535156,164.64768981933594,412.26739501953125,143.32542419433594
2024-10-22,233.90335083007812,165.6605987548828,420.8616943359375,143.2057342529297
2024-10-23,228.84564208984375,163.33685302734375,417.99688720703125,139.1865234375
2024-10-24,228.65724182128906,163.3865203857422,418.1249084472656,140.0342559814453
2024-10-25,229.4902801513672,165.8294219970703,421.4916687011719,141.16119384765625
2024-10-28,231.46376037597656,167.17002868652344,419.9559631347656,140.1439666748047
2024-10-29,231.73153686523438,169.9505615234375,425.23260498046875,140.87200927734375
2024-10-30,228.19114685058594,174.9158477783203,425.8035888671875,138.9670867919922
2024-10-31,224.03590393066406,171.4898223876953,400.03076171875,132.40472412109375
2024-11-01,221.06080627441406,171.4500732421875,403.9881896972656,135.0376434326172
2024-11-04,220.16824340820312,169.49374389648438,402.1078796386719,135.6859130859375
2024-11-05,221.59629821777344,170.2187042236328,405.0612487792969,139.53561401367188
2024-11-06,220.87234497070312,177.0906219482422,413.6456604003906,145.2203369140625
2024-11-07,225.59288024902344,181.01315307617188,418.81396484375,148.48158264160156
2024-11-08,225.32481384277344,178.60997009277344,415.96893310546875,147.23495483398438
2024-11-11,222.61448669433594,180.70530700683594,411.5094299316406,144.8712921142578
2024-11-12,222.61448669433594,182.04592895507812,416.4513244628906,147.8931427001953
2024-11-13,223.49807739257812,179.23561096191406,418.5876159667969,145.8785858154297
2024-11-14,226.57574462890625,176.11741638183594,420.2513122558594,146.3672637939453
2024-11-15,223.37893676757812,172.6814727783203,408.5461730957031,141.60003662109375
2024-11-18,226.37718200683594,175.57127380371094,409.29437255859375,139.7749481201172
2024-11-19,226.6352996826172,178.3319091796875,411.2928771972656,146.61659240722656
2024-11-20,227.35011291503906,176.09754943847656,409.0285949707031,145.49960327148438
2024-11-21,226.87356567382812,168.06378173828125,407.26287841796875,146.27748107910156
2024-11-22,228.21383666992188,165.41236877441406,411.3367919921875,141.5701446533203
2024-11-25,231.1922149658203,168.25247192382812,413.10247802734375,135.656005859375
2024-11-26,233.36642456054688,169.43418884277344,422.17755126953125,136.55357360839844
2024-11-27,233.2373809814453,169.6328125,417.2454528808594,134.9778289794922
2024-11-29,235.6201171875,169.3050994873047,417.7090759277344,137.88002014160156
2024-12-02,237.86380004882812,171.7777862548828,425.126953125,138.259033203125
2024-12-03,240.90176391601562,171.81752014160156,425.343994140625,139.88465881347656
2024-12-04,241.25917053222656,174.86618041992188,431.4794921875,144.7515869140625
2024-12-05,241.2889404296875,173.0985565185547,436.60888671875,144.68177795410156
2024-12-06,241.09039306640625,175.26341247558594,437.5459899902344,142.06861877441406
2024-12-09,244.9722442626953,176.06866455078125,439.9626770019531,138.4480743408203
2024-12-10,245.98487854003906,185.4437713623047,437.3092346191406,134.71783447265625
2024-12-11,244.71408081054688,195.5644989013672,442.8923645019531,138.94676208496094
2024-12-12,246.1735382080078,192.50242614746094,443.4546203613281,136.98190307617188
2024-12-13,246.34230041503906,190.26551818847656,441.1956787109375,133.89996337890625
2024-12-16,249.23129272460938,197.00604248046875,445.4570617675781,131.65582275390625
2024-12-17,251.65374755859375,195.97207641601562,448.2880859375,130.05001831054688
2024-12-18,246.2628631591797,189.04266357421875,431.44989013671875,128.5738983154297
2024-12-19,247.99034118652344,188.59530639648438,431.0947570800781,130.33926391601562
2024-12-20,252.65647888183594,191.8363037109375,430.670654296875,134.34877014160156
2024-12-23,253.4308624267578,194.84866333007812,429.3389587402344,139.3058319091797
2024-12-24,256.3397216796875,196.41949462890625,433.3634948730469,139.85440063476562
2024-12-26,257.15380859375,195.9522247314453,432.16009521484375,139.56515502929688
2024-12-27,253.74853515625,192.9100341796875,424.6830749511719,136.6527557373047
2024-12-30,250.3829803466797,191.56790161132812,419.06048583984375,137.1315155029297
2024-12-31,248.6157989501953,189.33099365234375,415.7756652832031,133.9398651123047
2025-01-02,242.0931396484375,189.51988220214844,412.8953552246094,137.9493865966797
2025-01-03,241.60665893554688,192.00534057617188,417.6005859375,144.0933074951172
2025-01-06,243.23484802246094,196.80722045898438,422.03948974609375,149.04039001464844
2025-01-07,240.46495056152344,195.5644989013672,416.6338806152344,139.77459716796875
2025-01-08,240.95140075683594,194.25216674804688,418.7941589355469,139.74468994140625
2025-01-10,235.1435546875,192.0450897216797,413.2603454589844,135.55563354492188
2025-01-13,232.71121215820312,191.1702117919922,411.5242919921875,132.8826141357422
2025-01-14,231.59927368164062,189.9374542236328,410.02490234375,131.41647338867188
2025-01-15,236.1562042236328,195.83290100097656,420.5203552246094,135.88478088378906
2025-01-16,226.6154327392578,193.2778778076172,418.8138427734375,133.2217559814453
2025-01-17,228.3230438232422,196.39959716796875,423.2033996582031,137.3509521484375
2025-01-21,221.0359344482422,198.4674835205078,422.6806335449219,140.46282958984375
2025-01-22,222.2173614501953,198.8651580810547,440.1402587890625,146.6865692138672
2025-01-23,222.04859924316406,198.4177703857422,440.643310546875,146.83615112304688
2025-01-24,221.1749267578125,200.72425842285156,438.029296875,142.24810791015625
2025-01-27,228.2039337158203,192.64161682128906,428.6583251953125,118.11124420166016
2025-01-28,236.5434112548828,195.92239379882812,441.1266784667969,128.65367126464844
2025-01-29,237.63548278808594,196.03173828125,436.3227844238281,123.37747955322266
2025-01-30,235.87820434570312,201.45001220703125,409.3540954589844,124.32499694824219
2025-01-31,234.29969787597656,204.40274047851562,409.4231262207031,119.7569351196289
2025-02-03,226.3672332763672,201.45993041992188,405.3393859863281,116.35582733154297
2025-02-04,231.12274169921875,206.50042724609375,406.7696533203125,118.34063720703125
2025-02-05,230.79513549804688,192.17434692382812,407.6772155761719,124.5045394897461
2025-02-06,231.5397186279297,192.1842803955078,410.1728515625,128.34449768066406
2025-02-07,225.989990234375,186.05020141601562,404.1852722167969,129.50144958496094
2025-02-10,226.25831604003906,187.10401916503906,406.6217346191406,133.2217559814453
2025-02-11,231.1979522705078,185.98062133789062,405.85235595703125,132.45375061035156
2025-02-12,235.4219512939453,184.3501434326172,403.4849548339844,130.798095703125
2025-02-13,240.05348205566406,186.78591918945312,404.96453857421875,134.937255859375
2025-02-14,243.104736328125,185.78176879882812,402.8832092285156,138.4879913330078
2025-02-18,242.97552490234375,184.71800231933594,404.0768127441406,139.0365447998047
2025-02-19,243.37306213378906,186.04026794433594,409.1370849609375,138.86697387695312
2025-02-20,244.3271942138672,185.55311584472656,411.3016662597656,139.74468994140625
2025-02-21,244.04891967773438,180.5225830078125,403.4735412597656,134.07948303222656
2025-02-24,245.58944702148438,180.13485717773438,399.31243896484375,129.94033813476562
2025-02-25,245.52978515625,176.33709716796875,393.283203125,126.29981994628906
2025-02-26,238.8906707763672,173.6826629638672,395.0920104980469,130.9376983642578
2025-02-27,235.84934997558594,169.2187957763672,387.9754638671875,119.83673858642578
2025-02-28,240.36158752441406,171.21710205078125,392.3837585449219,124.59429931640625
2025-03-03,236.57489013671875,167.67782592773438,383.98236083984375,113.76260375976562
2025-03-04,234.4877166748047,171.60484313964844,384.1009521484375,115.68757629394531
2025-03-05,234.29888916015625,173.97097778320312,396.36700439453125,116.9941635131836
2025-03-06,233.8914031982422,173.19552612304688,392.284912109375,110.28170013427734
2025-03-07,237.6085205078125,174.72653198242188,388.7464904785156,112.39617919921875
2025-03-10,226.08938598632812,167.0228271484375,375.7490234375,106.7010726928711
2025-03-11,219.48997497558594,165.201416015625,376.03570556640625,108.4764175415039
2025-03-12,215.653564453125,168.20726013183594,378.8229675292969,115.4488525390625
2025-03-13,208.39817810058594,163.95729064941406,374.3751525878906,115.28924560546875
2025-03-14,212.18490600585938,166.83372497558594,384.05157470703125,121.36392211914062
2025-03-17,212.6917724609375,165.78866577148438,384.19000244140625,119.22930908203125
2025-03-18,211.38978576660156,161.90695190429688,379.070068359375,115.1396255493164
2025-03-19,213.9241943359375,165.50003051757812,383.3201599121094,117.224365234375
2025-03-20,212.79116821289062,164.27578735351562,382.3515625,118.23182678222656
2025-03-21,216.93569946289062,165.47015380859375,386.7202453613281,117.4039077758789
2025-03-24,219.38064575195312,169.13290405273438,388.5191345214844,121.1045913696289
2025-03-25,222.38218688964844,171.97947692871094,390.5749816894531,120.38639068603516
2025-03-26,220.17575073242188,166.35598754882812,385.4452209472656,113.47383117675781
2025-03-27,222.48158264160156,163.31031799316406,386.0481262207031,111.1496810913086
2025-03-28,216.56793212890625,155.32794189453125,374.40478515625,109.39411163330078
2025-03-31,220.7720947265625,155.4971466064453,371.034423828125,108.10736083984375
2025-04-01,221.82559204101562,158.1347198486328,377.7554626464844,109.87290954589844
2025-04-02,222.5213165283203,158.11483764648438,377.7060852050781,110.1422119140625
2025-04-03,201.9478759765625,151.9140625,368.7807922363281,101.5439224243164
2025-04-04,187.22842407226562,147.04698181152344,355.6647644042969,94.07276916503906
2025-04-07,180.3507080078125,148.53994750976562,353.707763671875,97.39437103271484
2025-04-08,171.365966796875,145.89242553710938,350.4460754394531,96.05774688720703
2025-04-09,197.6343994140625,160.3044891357422,385.9591979980469,114.04239654541016
2025-04-10,189.25592041015625,154.64120483398438,376.92523193359375,107.29939270019531
2025-04-11,196.9386749267578,158.65228271484375,383.9428405761719,110.65095520019531
2025-04-14,201.281982421875,160.71258544921875,383.3102722167969,110.4314956665039
2025-04-15,200.90428161621094,157.93565368652344,381.2544250488281,111.9177474975586
2025-04-16,193.08241271972656,154.7705841064453,367.2982482910156,104.22713470458984
2025-04-17,195.77581787109375,152.640625,363.51263427734375,101.23468780517578
2025-04-21,191.9791717529297,149.15704345703125,354.95318603515625,96.66621398925781
2025-04-22,198.5189666748047,153.1781005859375,362.5638427734375,98.64122772216797
2025-04-23,203.34925842285156,156.9801788330078,370.0460205078125,102.45162200927734
2025-04-24,207.09619140625,160.71258544921875,382.8061218261719,106.16226196289062
2025-04-25,208.00064086914062,163.0814208984375,387.30340576171875,110.73074340820312
2025-04-28,208.8553924560547,161.6581268310547,386.62139892578125,108.45648193359375
2025-04-29,209.91883850097656,161.2998046875,389.4679870605469,108.74573516845703
2025-04-30,211.2009735107422,160.1352996826172,390.6738586425781,108.64599609375
2025-05-01,212.0159454345703,162.0263671875,420.4641418457031,111.32923889160156
2025-05-02,204.0946502685547,165.03221130371094,430.2294921875,114.21196746826172
2025-05-05,197.67416381835938,165.27110290527344,431.10919189453125,113.53367614746094
2025-05-06,197.29647827148438,164.42507934570312,428.2823181152344,113.25437927246094
2025-05-07,195.05029296875,152.08326721191406,428.3218994140625,116.76551818847656
2025-05-08,196.28271484375,155.0194091796875,433.08599853515625,117.07474517822266
2025-05-09,197.31634521484375,153.65585327148438,433.6394348144531,116.35655975341797
2025-05-12,209.776123046875,158.83143615722656,444.04730224609375,122.6905746459961
2025-05-13,211.90585327148438,160.1352996826172,443.9286804199219,129.60313415527344
2025-05-14,211.30873107910156,166.0275421142578,447.6846008300781,134.99954223632812
2025-05-15,210.43296813964844,164.62413024902344,448.69464111328125,134.49081420898438
2025-05-16,210.24388122558594,166.6446075439453,449.82342529296875,135.0593719482422
2025-05-19,207.7758026123047,167.08258056640625,454.3783874511719,135.2289581298828
2025-05-20,205.8650360107422,164.54452514648438,453.6852722167969,134.04196166992188
2025-05-21,201.11798095703125,169.2622833251953,448.1401062011719,131.4684600830078
2025-05-22,200.39149475097656,171.17327880859375,450.4076843261719,132.49586486816406
2025-05-23,194.33078002929688,168.79449462890625,445.7734680175781,130.95970153808594
2025-05-27,199.24703979492188,173.1638946533203,456.18060302734375,135.15911865234375
2025-05-28,199.45602416992188,172.56671142578125,452.8831481933594,134.4708709716797
2025-05-29,198.98825073242188,172.148681640625,454.1903076171875,138.83984375
2025-05-30,199.8839569091797,172.03921508789062,455.8537902832031,134.79006958007812
2025-06-02,200.72984313964844,169.57081604003906,457.4480895996094,137.034423828125
2025-06-03,202.2923126220703,166.92330932617188,458.4382629394531,140.86474609375
2025-06-04,201.84446716308594,168.59544372558594,459.3294677734375,141.56298828125
2025-06-05,199.66500854492188,169.01344299316406,463.1021728515625,139.6378631591797
2025-06-06,202.93917846679688,174.09947204589844,465.7757568359375,141.36349487304688
2025-06-09,200.48104858398438,177.00929260253906,468.12255859375,142.2711944580078
2025-06-10,201.69517517089844,179.38096618652344,466.31048583984375,143.5978546142578
2025-06-11,197.8238983154297,178.16522216796875,467.9938049316406,142.4805908203125
2025-06-12,198.24188232421875,176.35157775878906,474.1826171875,144.64527893066406
2025-06-13,195.50511169433594,175.26541137695312,470.3109130859375,141.62271118164062
2025-06-16,197.4656524658203,177.31820678710938,474.45001220703125,144.33604431152344
2025-06-17,194.69900512695312,176.6106719970703,473.36077880859375,143.76742553710938
2025-06-18,195.6344757080078,173.37203979492188,475.5392150878906,145.1240997314453
2025-06-20,200.03321838378906,167.1438751220703,472.72705078125,143.4980926513672
2025-06-23,200.5308074951172,165.42987060546875,481.24285888671875,143.8173065185547
2025-06-24,199.3365936279297,167.1538543701172,485.3125915527344,147.53819274902344
2025-06-25,200.5905303955078,170.8907470703125,487.45147705078125,153.9324951171875
2025-06-26,200.03321838378906,173.82046508789062,492.580810546875,154.64076232910156
2025-06-27,200.1128387451172,177.6470489501953,491.0855712890625,157.3640899658203
2025-06-30,204.1831512451172,176.7701416015625,492.54119873046875,157.603515625
2025-07-01,206.8204345703125,176.2918243408203,487.2336120605469,152.92498779296875
2025-07-02,211.41819763183594,179.1318359375,486.2830505371094,156.86532592773438
2025-07-03,212.52285766601562,179.91909790039062,493.95721435546875,158.9501953125
2025-07-07,208.94017028808594,176.9395294189453,492.84814453125,157.85289001464844
2025-07-08,208.99989318847656,174.5479278564453,491.7588806152344,159.6085968017578
2025-07-09,210.1244354248047,177.0391845703125,498.5814514160156,162.48155212402344
2025-07-10,211.3883514404297,178.07553100585938,496.57135009765625,163.6985626220703
2025-07-11,210.14434814453125,180.67640686035156,498.393310546875,164.5165557861328
2025-07-14,207.61654663085938,182.1711883544922,498.09625244140625,163.66864013671875
2025-07-15,208.10421752929688,182.46018981933594,500.86883544921875,170.2824249267578
2025-07-16,209.149169921875,183.12783813476562,500.67083740234375,170.95077514648438
2025-07-17,209.00982666015625,184.0545654296875,506.6913146972656,172.5767822265625
2025-07-18,210.16424560546875,185.29026794433594,505.05743408203125,171.98822021484375
2025-07-21,211.4580078125,190.48204040527344,505.0673522949219,170.96075439453125
2025-07-22,213.3687744140625,191.4386749267578,500.3242492675781,166.6213836669922
2025-07-23,213.11996459960938,190.84078979492188,500.9183349609375,170.36221313476562
2025-07-24,212.7318572998047,192.52487182617188,505.87933349609375,173.31497192382812
2025-07-25,212.85125732421875,193.40182495117188,508.681640625,173.0755615234375
2025-07-28,213.02047729492188,192.74411010742188,507.48345947265625,176.31761169433594
2025-07-29,210.25384521484375,195.74359130859375,507.55279541015625,175.0806427001953
2025-07-30,208.04449462890625,196.75006103515625,508.2162170410156,178.8314666748047
2025-07-31,206.57162475585938,192.18606567382812,528.27783203125,177.43487548828125
2025-08-01,201.40658569335938,189.28623962402344,518.9797973632812,173.29502868652344
2025-08-04,202.37193298339844,195.06597900390625,530.39697265625,179.5596466064453
2025-08-05,201.94398498535156,194.63748168945312,522.5841674804688,177.82391357421875
2025-08-06,212.22430419921875,196.23187255859375,519.8016967773438,178.98109436035156
2025-08-07,218.97169494628906,196.59063720703125,515.7418212890625,180.32778930664062
2025-08-08,228.24685668945312,201.38381958007812,516.9301147460938,182.25303649902344
2025-08-11,226.34388732910156,200.9254150390625,516.6627807617188,181.6146240234375
2025-08-12,228.80479431152344,203.4465789794922,524.0596313476562,182.71192932128906
2025-08-13,232.47125244140625,202.32052612304688,515.484375,181.14576721191406
2025-08-14,231.92327880859375,203.1077880859375,517.36572265625,181.57472229003906
2025-08-15,230.73764038085938,204.1939697265625,515.078369140625,180.008544921875
2025-08-18,230.0402374267578,203.57611083984375,512.0383911132812,181.5647430419922
2025-08-19,229.71144104003906,201.7824249267578,504.78021240234375,175.21031188964844
2025-08-20,225.1781768798828,199.49046325683594,500.7698059082031,174.9709014892578
2025-08-21,224.072265625,199.9189453125,500.1251220703125,174.55194091796875
2025-08-22,226.92173767089844,205.9976348876953,503.0907287597656,177.55458068847656
2025-08-25,226.32395935058594,208.4291229248047,500.1449890136719,179.37013244628906
2025-08-26,228.46604919433594,207.22332763671875,497.943115234375,181.32533264160156
2025-08-27,229.64170837402344,207.48243713378906,502.604736328125,181.15573120117188
2025-08-28,231.7041015625,211.6278839111328,505.4810791015625,179.72923278808594
2025-08-29,231.28562927246094,212.78382873535156,502.55511474609375,173.75389099121094
2025-09-02,228.8745574951172,211.24923706054688,500.9979248046875,170.36221313476562
2025-09-03,237.5923309326172,230.29246520996094,501.22607421875,170.20260620117188
2025-09-04,238.8975067138672,231.8470001220703,503.82470703125,171.24008178710938
2025-09-05,238.807861328125,234.34820556640625,490.9605407714844,166.61141967773438
2025-09-08,237.0045166015625,233.55030822753906,494.1344299316406,167.8982391357422
2025-09-09,233.48751831054688,239.3152618408203,494.34271240234375,170.3422393798828
2025-09-10,225.955322265625,238.93624877929688,496.2867126464844,176.8961944580078
2025-09-11,229.1833953857422,240.153076171875,496.9215393066406,176.7465362548828
2025-09-12,233.2085418701172,240.7515106201172,505.73895263671875,177.39501953125
2025-09-15,235.82884216308594,251.1044921875,511.1543884277344,177.32516479492188
2025-09-16,237.2735137939453,250.76536560058594,504.8859558105469,174.46202087402344
2025-09-17,238.1104278564453,249.199462890625,505.85797119140625,169.8829803466797
2025-09-18,237.0045166015625,251.67298889160156,504.3008117675781,175.8187713623047
2025-09-19,244.59646606445312,254.57542419433594,513.7034301757812,176.24774169921875
2025-09-22,255.13751220703125,252.22157287597656,510.2518310546875,183.17115783691406
2025-09-23,253.4936065673828,251.68296813964844,505.074462890625,178.0035400390625
2025-09-24,251.3813934326172,247.18472290039062,505.9869079589844,176.54702758789062
2025-09-25,255.92462158203125,245.92800903320312,502.892333984375,177.2653045654297
2025-09-26,254.51980590820312,246.53640747070312,507.28619384765625,177.76409912109375
2025-09-29,253.4936065673828,243.7237548828125,510.4005126953125,181.4153594970703
2025-09-30,253.69288635253906,242.91586303710938,513.7232666015625,186.13406372070312
2025-10-01,254.5098419189453,244.90066528320312,515.4688720703125,186.79248046875
2025-10-02,256.18365478515625,245.78834533691406,511.53131103515625,188.43853759765625
2025-10-03,257.07037353515625,245.80828857421875,513.1281127929688,187.17156982421875
2025-10-06,255.74526977539062,250.85511779785156,524.256591796875,185.09654235839844
2025-10-07,255.53607177734375,246.48654174804688,519.7040405273438,184.5977325439453
2025-10-08,257.1102600097656,244.82089233398438,520.56689453125,188.65802001953125
2025-10-09,253.1050262451172,241.579345703125,518.136962890625,192.10975646972656
2025-10-10,244.36732482910156,236.8716583251953,506.790283203125,182.72222900390625
2025-10-13,246.74851989746094,244.00303649902344,509.85504150390625,187.86993408203125
2025-10-14,246.8581085205078,245.5489959716797,509.3789978027344,179.59971618652344
2025-10-15,248.42233276367188,251.05462646484375,509.2401428222656,179.4001922607422
2025-10-16,246.53927612304688,251.22418212890625,507.4349670410156,181.37545776367188
2025-10-17,251.36146545410156,253.12918090820312,509.3889465332031,182.7821044921875
2025-10-20,261.27484130859375,256.35076904296875,512.5726928710938,182.20347595214844
2025-10-21,261.8028869628906,250.6855926513672,513.4356079101562,180.72702026367188
2025-10-22,257.4988098144531,251.8724822998047,516.2921752929688,179.84912109375
2025-10-23,258.6246032714844,253.06935119628906,516.3119506835938,181.724609375
2025-10-24,261.85272216796875,259.83172607421875,519.3370361328125,185.8148193359375
2025-10-27,267.8206481933594,269.2271728515625,527.1825561523438,191.03233337402344
2025-10-28,268.00994873046875,267.7310791015625,537.6464233398438,200.54953002929688
2025-10-29,268.7073974609375,274.4535217285156,537.1306762695312,206.54513549804688
2025-10-30,270.401123046875,281.1659851074219,521.4695434570312,202.4050750732422
2025-10-31,269.37493896484375,281.0862121582031,513.5843505859375,202.0060272216797
2025-11-03,268.0597839355469,283.38018798828125,512.810791015625,206.38555908203125
2025-11-04,269.046142578125,277.3360290527344,510.1328430175781,198.21511840820312
2025-11-05,269.14581298828125,284.00860595703125,503.0213317871094,194.74343872070312
2025-11-06,268.7771301269531,284.5970153808594,493.04339599609375,187.63046264648438
2025-11-07,267.48193359375,278.97174072265625,492.76568603515625,187.70028686523438
2025-11-10,268.6985778808594,289.8333740234375,501.8707580566406,198.5742645263672
2025-11-11,274.5028076171875,290.9803771972656,504.5289001464844,192.69833374023438
2025-11-12,272.7276611328125,286.6816101074219,506.9688720703125,193.33680725097656
2025-11-13,272.2090759277344,278.3932189941406,499.182861328125,186.41339111328125
2025-11-14,271.6705322265625,276.25885009765625,506.0166320800781,189.71546936035156
2025-11-17,266.7339782714844,284.85638427734375,503.3486022949219,186.15402221679688
2025-11-18,266.7139892578125,284.218017578125,489.76043701171875,180.92654418945312
2025-11-19,267.83099365234375,292.22711181640625,483.14483642578125,186.07420349121094
2025-11-20,265.5272521972656,289.2249755859375,475.41387939453125,180.208251953125
2025-11-21,270.75299072265625,298.8697814941406,469.1436462402344,178.4524688720703
2025-11-24,275.1710205078125,317.6407775878906,471.0118103027344,182.11370849609375
2025-11-25,276.2181701660156,322.7973327636719,473.9829406738281,177.39501953125
2025-11-26,276.79656982421875,319.4460754394531,482.4393310546875,179.8291473388672
2025-11-28,278.0930480957031,319.2864990234375,488.9082946777344,176.57696533203125
2025-12-01,282.3315124511719,314.29949951171875,483.6714782714844,179.48995971679688
2025-12-02,285.4131164550781,315.1971740722656,486.91094970703125,181.0263214111328
2025-12-03,283.3786315917969,319.7851867675781,474.7182922363281,179.16075134277344
2025-12-04,279.9380187988281,317.56103515625,477.8087158203125,182.95188903808594
2025-12-05,278.0232238769531,321.2513732910156,480.11407470703125,181.98414611816406
2025-12-08,277.13568115234375,313.8359069824219,487.9245300292969,185.1168212890625
2025-12-09,276.4275817871094,317.1294250488281,488.9181823730469,184.53817749023438
2025-12-10,278.0232238769531,320.3730773925781,475.5430908203125,183.35096740722656
2025-12-11,277.2752685546875,313.0873718261719,480.422119140625,180.50759887695312
2025-12-12,277.52459716796875,309.9135437011719,475.51324462890625,174.61141967773438
2025-12-15,273.3658752441406,308.7159118652344,471.82666015625,175.87843322753906
2025-12-16,273.8645324707031,307.1290283203125,473.38677978515625,177.3050994873047
2025-12-17,271.1020812988281,297.4779052734375,473.1184387207031,170.54092407226562
2025-12-18,271.45111083984375,303.1567687988281,480.92889404296875,173.73345947265625
2025-12-19,272.9271545410156,308.0072937011719,482.8566589355469,180.56748962402344
2025-12-22,270.23443603515625,310.7219543457031,481.8630065917969,183.26116943359375
2025-12-23,271.62066650390625,315.0634765625,483.7807922363281,188.76829528808594
2025-12-24,273.06671142578125,315.0534973144531,484.94342041015625,188.169677734375
2025-12-26,272.6578369140625,314.3448486328125,484.6353759765625,190.085205078125
2025-12-29,273.0168762207031,313.7760314941406,484.02923583984375,187.7805938720703
2025-12-30,272.33868408203125,313.9356994628906,484.4068298339844,187.1021728515625
2025-12-31,271.12200927734375,313.1871337890625,480.5711669921875,186.06460571289062
2026-01-02,270.27435302734375,314.70416259765625,469.95849609375,188.4091339111328
2026-01-05,266.5345458984375,316.7002868652344,469.8691101074219,187.68081665039062
2026-01-06,261.6477966308594,313.9356994628906,475.493408203125,186.80288696289062
2026-01-07,259.6233215332031,321.8002624511719,480.422119140625,188.66851806640625
2026-01-08,258.3368225097656,325.3733215332031,475.09588623046875,184.60801696777344
2026-01-09,258.6659240722656,328.4972229003906,476.2585144042969,184.42843627929688
2026-01-12,259.54351806640625,332.0801696777344,474.1717529296875,184.5082550048828
2026-01-13,260.34136962890625,335.77294921875,467.70281982421875,185.37620544433594
2026-01-14,259.2543029785156,335.6531982421875,456.4839782714844,182.71246337890625
2026-01-15,257.5090637207031,332.50933837890625,453.7811279296875,186.6133270263672
2026-01-16,254.8363494873047,329.69482421875,456.9609375,185.7952423095703
2026-01-20,246.0303192138672,321.5308532714844,451.6546325683594,177.65431213378906
2026-01-21,246.9777374267578,327.7386779785156,441.31024169921875,182.89202880859375
2026-01-22,247.67584228515625,330.1938781738281,448.2959289550781,184.40847778320312
2026-01-23,247.36666870117188,327.78857421875,463.0125732421875,187.23187255859375
2026-01-26,254.71669006347656,332.9384765625,467.3152770996094,186.03468322753906
2026-01-27,257.56890869140625,334.3457336425781,477.5503234863281,188.07989501953125
2026-01-28,255.74386596679688,335.62322998046875,478.5937194824219,191.0728759765625
2026-01-29,257.5788879394531,337.9985656738281,430.76715087890625,192.06057739257812
2026-01-30,258.7756652832031,337.86883544921875,427.577392578125,190.68380737304688
2026-02-02,269.2770690917969,344.2264099121094,420.7010192871094,185.1766815185547
2026-02-03,268.7485046386719,340.03460693359375,408.6176452636719,179.91897583007812
2026-02-04,275.7394104003906,332.6889953613281,411.578857421875,173.78335571289062
2026-02-05,275.1610107421875,330.6828918457031,391.188232421875,171.47874450683594
2026-02-06,277.3650207519531,322.468994140625,398.61114501953125,184.9771728515625
2026-02-09,274.13079833984375,323.76641845703125,410.9925842285156,189.59632873535156
2026-02-10,273.19244384765625,318.0077209472656,410.6646728515625,188.099853515625
2026-02-11,275.00921630859375,310.7219543457031,401.8207702636719,189.6063232421875
2026-02-12,261.2637939453125,308.76580810546875,399.30670166015625,186.5035858154297
2026-02-13,255.32435607910156,305.4223327636719,398.7900085449219,182.3832244873047
2026-02-17,263.4099426269531,302.2286071777344,394.3581237792969,184.53817749023438
2026-02-18,263.8791198730469,303.3464050292969,397.08087158203125,187.5411376953125
2026-02-19,260.11578369140625,302.9671325683594,396.8517761230469,187.46133422851562
2026-02-20,264.1086730957031,314.2850036621094,395.6267395019531,189.37686157226562
2026-02-23,265.705810546875,311.081298828125,382.918212890625,191.10281372070312
2026-02-24,271.6552429199219,310.31280517578125,387.4299621582031,192.39979553222656
2026-02-25,273.74151611328125,312.41864013671875,398.9831237792969,195.10345458984375
2026-02-26,272.4637756347656,306.55010986328125,400.0986022949219,184.4583740234375
2026-02-27,263.7093811035156,310.82177734375,391.15484619140625,176.77635192871094
2026-03-02,264.2484130859375,305.7616882324219,396.9413757324219,182.05398559570312
2026-03-03,263.2801818847656,302.9671325683594,402.2996826171875,179.62966918945312
2026-03-04,262.0523376464844,302.8573913574219,403.5645751953125,182.6126708984375
2026-03-05,259.8263244628906,300.32232666015625,409.0224304199219,182.91197204589844
2026-03-06,257.0013427734375,297.7174072265625,407.30938720703125,177.40489196777344
2026-03-09,259.41705322265625,305.6275329589844,407.757568359375,182.2235870361328
2026-03-10,260.3653564453125,306.54638671875,404.122314453125,184.33863830566406
2026-03-11,260.3453674316406,308.0345153808594,403.245849609375,185.60574340820312
2026-03-12,255.30438232421875,302.8310241699219,400.238037109375,182.72235107421875
2026-03-13,249.6744384765625,301.0832214355469,393.9534912109375,179.83892822265625
2026-03-16,252.36964416503906,304.0395202636719,398.33575439453125,182.8021697998047
2026-03-17,253.77711486816406,309.0232849121094,397.79791259765625,181.5150909423828
2026-03-18,249.49476623535156,305.9171447753906,390.2087097167969,179.98858642578125
2026-03-19,248.5165252685547,305.3478698730469,387.4498596191406,178.1527862548828
2026-03-20,247.54823303222656,298.41656494140625,380.3287353515625,172.30613708496094
2026-03-23,251.04200744628906,298.6462707519531,381.4541931152344,175.23944091796875
2026-03-24,251.1917266845703,288.8385314941406,371.2355651855469,174.80044555664062
2026-03-25,252.16998291015625,289.22802734375,369.5424499511719,178.2725067138672
2026-03-26,252.43951416015625,280.38909912109375,364.492919921875,170.8494873046875
2026-03-27,248.35679626464844,273.4178161621094,355.33001708984375,167.13795471191406
2026-03-30,246.19065856933594,272.79864501953125,357.51116943359375,164.79331970214844
2026-03-31,253.337890625,286.5014343261719,368.67596435546875,174.0022735595703
2026-04-01,255.17462158203125,294.5314025878906,367.8791809082031,175.3491973876953
2026-04-02,255.464111328125,294.0919494628906,371.9526672363281,176.98544311523438
2026-04-06,258.3988342285156,297.2879638671875,371.375,177.23487854003906
2026-04-07,253.0484161376953,303.55010986328125,370.78741455078125,177.69383239746094
2026-04-08,258.43878173828125,314.34661865234375,372.81915283203125,181.66476440429688
2026-04-09,260.02593994140625,315.9745788574219,371.56427001953125,183.49058532714844
2026-04-10,260.0159912109375,315.32537841796875,369.3731384277344,188.1998291015625
2026-04-13,258.73828125,318.81103515625,382.8186340332031,188.87826538085938
2026-04-14,258.368896484375,330.16680908203125,391.5233459472656,196.0618438720703
2026-04-15,265.95538330078125,334.0519714355469,409.5602722167969,198.41647338867188
2026-04-16,262.9307556152344,332.35406494140625,418.56378173828125,197.8976593017578
2026-04-17,269.7486267089844,338.9757995605469,421.0835876464844,201.2200469970703
2026-04-20,272.5635681152344,334.9808044433594,416.38262939453125,201.59918212890625
2026-04-21,265.69586181640625,330.0569763183594,422.44805908203125,199.42417907714844
2026-04-22,272.68341064453125,337.3078918457031,431.1726989746094,202.03819274902344
2026-04-23,272.9429016113281,337.3278503417969,414.07196044921875,199.18470764160156
2026-04-24,270.5771179199219,341.89215087890625,422.90618896484375,207.79502868652344
2026-04-27,267.1332702636719,348.0843811035156,423.1053771972656,216.1160125732422
2026-04-28,270.2277526855469,347.065673828125,427.5174865722656,212.68385314941406
2026-04-29,269.688720703125,346.87591552734375,422.7467956542969,208.77279663085938
2026-04-30,270.86663818359375,381.4626159667969,406.1341552734375,199.11488342285156
2026-05-01,279.6409606933594,382.74102783203125,412.76727294921875,197.99742126464844
2026-05-04,276.33685302734375,379.16552734375,411.9505615234375,198.02734375
2026-05-05,283.67376708984375,383.7896728515625,409.7196350097656,196.05186462402344
2026-05-06,286.9978332519531,394.6461181640625,412.2891845703125,207.3560333251953
2026-05-07,286.9279479980469,394.805908203125,419.07171630859375,211.01766967773438
2026-05-08,292.7974853515625,396.5537414550781,413.44451904296875,214.709228515625
2026-05-11,292.42779541015625,386.28656005859375,410.99444580078125,218.93955993652344
2026-05-12,294.54595947265625,383.34027099609375,406.1241760253906,220.27650451660156
2026-05-13,298.6124572753906,398.541259765625,403.57452392578125,225.3149871826172
2026-05-14,297.9530334472656,396.673583984375,407.7774963378906,235.202392578125
2026-05-15,299.9713134765625,392.8283996582031,420.2170715332031,224.80616760253906
2026-05-18,297.5833435058594,392.61865234375,421.83056640625,221.81300354003906
2026-05-19,298.7123718261719,384.4189147949219,415.7352600097656,220.1068878173828
2026-05-20,301.98956298828125,384.4189147949219,419.36053466796875,222.9603729248047
2026-05-21,304.7271728515625,382.9906921386719,418.3025207519531,219.0093994140625
2026-05-22,308.55389404296875,378.90582275390625,417.7835388183594,214.83892822265625
2026-05-26,308.0643005371094,384.3589782714844,415.248291015625,214.37001037597656
2026-05-27,310.5821533203125,384.3489990234375,411.8946228027344,212.1151580810547
2026-05-28,312.24072265625,385.63739013671875,426.18768310546875,213.76138305664062
2026-05-29,311.7911071777344,375.9595031738281,449.3940124511719,210.6584930419922
2026-06-01,306.0460510253906,372.11431884765625,459.6546936035156,223.8483428955078
2026-06-02,314.92840576171875,357.9420471191406,440.48077392578125,222.3118438720703
2026-06-03,309.9926452636719,355.2354431152344,426.53704833984375,214.26025390625
2026-06-04,310.9618225097656,368.8084411621094,427.2456970214844,218.4156036376953
2026-06-05,307.0751647949219,365.3028564453125,415.8870849609375,204.87075805664062
2026-06-08,301.2801818847656,360.9356994628906,410.9663391113281,208.40679931640625
2026-06-09,290.29962158203125,362.0549621582031,402.6520080566406,207.95730590820312
2026-06-10,291.3287353515625,353.09075927734375,396.61334228515625,200.19598388671875
2026-06-11,295.375244140625,356.32867431640625,389.6065673828125,204.64100646972656
2026-06-12,290.879150390625,357.9276428222656,390.00579833984375,204.96066284179688
2026-06-15,296.1645812988281,366.8717956542969,399.0088806152344,212.21253967285156
2026-06-16,298.9821472167969,370.8592529296875,393.0899963378906,207.1781768798828
2026-06-17,295.6949768066406,361.8650817871094,378.1980285644531,204.42124938964844
2026-06-18,297.7532043457031,367.2215881347656,378.6871032714844,210.4545135498047
2026-06-22,296.75408935546875,348.5537109375,366.6497802734375,208.41677856445312
2026-06-23,294.04638671875,345.8554382324219,373.23736572265625,199.81640625
2026-06-24,292.8274230957031,344.816162109375,364.7733154296875,198.77757263183594
2026-06-25,274.91290283203125,341.9679870605469,352.1670227050781,195.52122497558594
2026-06-26,283.53546142578125,334.4728698730469,372.2691955566406,192.31480407714844
2026-06-29,281.4972229003906,351.0520935058594,367.8774719238281,194.7520751953125
2026-06-30,289.11065673828125,353.1007385253906,372.319091796875,199.86634826660156
2026-07-01,294.1263427734375,357.6578063964844,383.5579528808594,197.35916137695312
2026-07-02,308.3640441894531,355.94891357421875,389.7562561035156,194.61224365234375
2026-07-06,312.3905944824219,364.6632385253906,386.0133056640625,195.33143615722656
2026-07-07,310.3923034667969,363.38409423828125,388.109375,196.7098846435547
2026-07-08,313.1199645996094,358.4772644042969,382.6197204589844,203.891845703125
2026-07-09,315.947509765625,356.00885009765625,383.6377868652344,202.5533447265625
2026-07-10,315.0483093261719,354.7996520996094,384.37640380859375,210.72421264648438
2026-07-13,317.03656005859375,350.4425048828125,390.2553405761719,203.30250549316406
2026-07-14,314.58868408203125,357.09814453125,384.20672607421875,211.5632781982422
2026-07-15,327.2178039550781,369.96978759765625,394.8866271972656,212.26248168945312
2026-07-16,332.97283935546875,353.5804443359375,400.3463439941406,207.16818237304688
2026-07-17,333.452392578125,345.89544677734375,393.08001708984375,202.58331298828125
2026-07-20,326.3085632324219,351.14202880859375,401.53411865234375,203.05279541015625
2026-07-21,327.45758056640625,345.96539306640625,397.00262451171875,207.0583038330078
2026-07-22,325.60919189453125,341.68817138671875,389.6065673828125,211.82298278808594
2026-07-23,321.3828430175781,318.1334533691406,380.8630065917969,208.5266571044922
2026-07-24,332.7330322265625,318.8829650878906,380.9828186035156,206.6088104248047
2026-07-27,336.61968994140625,326.3581237792969,388.368896484375,196.2903594970703
2026-07-28,339.78692626953125,332.38421630859375,392.61090087890625,196.789794921875
2026-07-29,337.8985900878906,335.54217529296875,389.8061828613281,189.79762268066406
2026-07-30,333.1426696777344,333.4635009765625,450.2524108886719,194.82199096679688
2026-07-31,308.6438293457031,356.4186096191406,463.8468017578125,200.52561950683594
2026-08-03,303.1585693359375,372.22833251953125,486.73370361328125,206.40904235839844
2026-08-04,309.1134033203125,375.1064758300781,491.884033203125,211.70310974121094
2026-08-05,310.7320251464844,359.8963623046875,486.5440673828125,218.9749755859375
2026-08-06,312.14080810546875,356.38861083984375,498.9207458496094,218.7452392578125
2026-08-07,313.05999755859375,353.24066162109375,499.0505065917969,223.70968627929688
2026-08-10,308.260009765625,355.609130859375,505.109130859375,217.3068389892578
2026-08-11,304.9100036621094,342.7774658203125,502.86334228515625,217.25689697265625
2026-08-12,302.25,342.1478576660156,491.5047302246094,223.8395233154297
2026-08-13,305.260009765625,343.71685791015625,495.9463806152344,225.04818725585938
2026-08-14,305.92999267578125,343.3171081542969,494.4691467285156,224.90834045410156
2026-08-17,305.5899963378906,341.2284851074219,479.44744873046875,224.7584991455078
2026-08-18,310.0299987792969,341.0585632324219,480.72503662109375,219.49440002441406
2026-08-19,316.8299865722656,341.47833251953125,483.3999938964844,217.31683349609375
2026-08-20,311.29998779296875,337.9805908203125,481.1499938964844,216.60763549804688
2026-08-21,309.3500061035156,341.52825927734375,483.239990234375,214.48001098632812
2026-08-24,310.3399963378906,344.3664245605469,487.30999755859375,208.24697875976562
2026-08-25,309.8999938964844,343.11724853515625,491.7099914550781,212.81187438964844
2026-08-26,313.45001220703125,338.8800048828125,496.3699951171875,209.4256591796875
2026-08-27,314.5799865722656,337.4908752441406,505.05999755859375,227.7251739501953
2026-08-28,319.70001220703125,342.65753173828125,513.530029296875,217.3068389892578
2026-08-31,316.8500061035156,335.1923828125,507.2900085449219,220.53323364257812
2026-09-01,325.1300048828125,331.8145751953125,501.0199890136719,217.1969757080078
2026-09-02,324.9599914550781,333.5634460449219,496.82000732421875,224.1591796875
2026-09-03,328.2099914550781,338.8599853515625,510.1199951171875,228.1946563720703
2026-09-04,319.9700012207031,335.30999755859375,499.70001220703125,230.10252380371094
2026-09-08,316.2200012207031,335.3800048828125,493.95001220703125,225.47769165039062
2026-09-09,315.3399963378906,328.3800048828125,491.6499938964844,223.4199981689453
2026-09-10,326.57000732421875,330.3900146484375,492.44000244140625,218.36000061035156
2026-09-11,332.2699890136719,335.45001220703125,495.6300048828125,218.2899932861328
2026-09-14,333.0799865722656,345.7099914550781,505.4100036621094,210.9600067138672
2026-09-15,331.3399963378906,341.42999267578125,497.1199951171875,212.1699981689453
2026-09-16,332.4100036621094,339.3599853515625,490.29998779296875,213.89999389648438
2026-09-17,337.0,343.67999267578125,497.75,219.33999633789062
2026-09-18,336.1300048828125,344.4100036621094,493.7799987792969,222.27000427246094
2026-09-21,338.9800109863281,350.8699951171875,501.6099853515625,227.3800048828125
2026-09-22,339.75,347.4100036621094,498.0,228.8699951171875
2026-09-23,337.0199890136719,334.9800109863281,500.5899963378906,225.50999450683594
2026-09-24,335.9200134277344,339.010009765625,497.92999267578125,224.5800018310547
2026-09-25,341.07000732421875,341.0799865722656,516.1699829101562,225.07000732421875
2026-09-28,338.3999938964844,339.1600036621094,509.2200012207031,228.86000061035156
2026-09-29,329.3999938964844,337.32000732421875,508.9599914550781,227.2100067138672
2026-09-30,333.0199890136719,340.739990234375,512.9000244140625,228.3800048828125
2026-10-01,330.32000732421875,334.92999267578125,512.7999877929688,230.86000061035156
